{"type":"FeatureCollection","_provenance":{"status":"REAL","source":"Generated from Iloilo SUMO net bounding box (iloilo.net.xml); CR-007 PR 7.","tier_rationale":"All cells are M (conservative overall simulation confidence). Data inputs CCHAIN/OSM/LIPAD are H, but uncalibrated mode-share (PR 9) and literature-calibrated methods cap most results at M (methods §2 method_capped_confidence rule, ratified CR-007 PR 6). BEH-1/BEH-3 and ECO-1 are H along the network corridors; a spatially-varying H/M grid requires a network-edge intersection pass not yet wired — uniform M is the honest floor until calibration lands (PR 9).","generated":"2026-06-16T19:26:42.917023+00:00","n_cells":1209,"cell_size_deg":0.0045,"cell_size_approx_m":500},"features":[{"type":"Feature","geometry":{"type":"Polygon","coordinates":[[[122.492714,10.637895],[122.497214,10.637895],[122.497214,10.642395],[122.492714,10.642395],[122.492714,10.637895]]]},"properties":{"confidence":"M","basis":"M-overall (see _provenance; CR-007 PR 7)"}},{"type":"Feature","geometry":{"type":"Polygon","coordinates":[[[122.492714,10.642395],[122.497214,10.642395],[122.497214,10.646895],[122.492714,10.646895],[122.492714,10.642395]]]},"properties":{"confidence":"M","basis":"M-overall (see _provenance; CR-007 PR 7)"}},{"type":"Feature","geometry":{"type":"Polygon","coordinates":[[[122.492714,10.646895],[122.497214,10.646895],[122.497214,10.651395],[122.492714,10.651395],[122.492714,10.646895]]]},"properties":{"confidence":"M","basis":"M-overall (see _provenance; CR-007 PR 7)"}},{"type":"Feature","geometry":{"type":"Polygon","coordinates":[[[122.492714,10.651395],[122.497214,10.651395],[122.497214,10.655895],[122.492714,10.655895],[122.492714,10.651395]]]},"properties":{"confidence":"M","basis":"M-overall (see _provenance; CR-007 PR 7)"}},{"type":"Feature","geometry":{"type":"Polygon","coordinates":[[[122.492714,10.655895],[122.497214,10.655895],[122.497214,10.660395],[122.492714,10.660395],[122.492714,10.655895]]]},"properties":{"confidence":"M","basis":"M-overall (see _provenance; CR-007 PR 7)"}},{"type":"Feature","geometry":{"type":"Polygon","coordinates":[[[122.492714,10.660395],[122.497214,10.660395],[122.497214,10.664895],[122.492714,10.664895],[122.492714,10.660395]]]},"properties":{"confidence":"M","basis":"M-overall (see _provenance; CR-007 PR 7)"}},{"type":"Feature","geometry":{"type":"Polygon","coordinates":[[[122.492714,10.664895],[122.497214,10.664895],[122.497214,10.669395],[122.492714,10.669395],[122.492714,10.664895]]]},"properties":{"confidence":"M","basis":"M-overall (see _provenance; CR-007 PR 7)"}},{"type":"Feature","geometry":{"type":"Polygon","coordinates":[[[122.492714,10.669395],[122.497214,10.669395],[122.497214,10.673895],[122.492714,10.673895],[122.492714,10.669395]]]},"properties":{"confidence":"M","basis":"M-overall (see _provenance; CR-007 PR 7)"}},{"type":"Feature","geometry":{"type":"Polygon","coordinates":[[[122.492714,10.673895],[122.497214,10.673895],[122.497214,10.678395],[122.492714,10.678395],[122.492714,10.673895]]]},"properties":{"confidence":"M","basis":"M-overall (see _provenance; CR-007 PR 7)"}},{"type":"Feature","geometry":{"type":"Polygon","coordinates":[[[122.492714,10.678395],[122.497214,10.678395],[122.497214,10.682895],[122.492714,10.682895],[122.492714,10.678395]]]},"properties":{"confidence":"M","basis":"M-overall (see _provenance; CR-007 PR 7)"}},{"type":"Feature","geometry":{"type":"Polygon","coordinates":[[[122.492714,10.682895],[122.497214,10.682895],[122.497214,10.687395],[122.492714,10.687395],[122.492714,10.682895]]]},"properties":{"confidence":"M","basis":"M-overall (see _provenance; CR-007 PR 7)"}},{"type":"Feature","geometry":{"type":"Polygon","coordinates":[[[122.492714,10.687395],[122.497214,10.687395],[122.497214,10.691895],[122.492714,10.691895],[122.492714,10.687395]]]},"properties":{"confidence":"M","basis":"M-overall (see _provenance; CR-007 PR 7)"}},{"type":"Feature","geometry":{"type":"Polygon","coordinates":[[[122.492714,10.691895],[122.497214,10.691895],[122.497214,10.696395],[122.492714,10.696395],[122.492714,10.691895]]]},"properties":{"confidence":"M","basis":"M-overall (see _provenance; CR-007 PR 7)"}},{"type":"Feature","geometry":{"type":"Polygon","coordinates":[[[122.492714,10.696395],[122.497214,10.696395],[122.497214,10.700895],[122.492714,10.700895],[122.492714,10.696395]]]},"properties":{"confidence":"M","basis":"M-overall (see _provenance; CR-007 PR 7)"}},{"type":"Feature","geometry":{"type":"Polygon","coordinates":[[[122.492714,10.700895],[122.497214,10.700895],[122.497214,10.705395],[122.492714,10.705395],[122.492714,10.700895]]]},"properties":{"confidence":"M","basis":"M-overall (see _provenance; CR-007 PR 7)"}},{"type":"Feature","geometry":{"type":"Polygon","coordinates":[[[122.492714,10.705395],[122.497214,10.705395],[122.497214,10.709895],[122.492714,10.709895],[122.492714,10.705395]]]},"properties":{"confidence":"M","basis":"M-overall (see _provenance; CR-007 PR 7)"}},{"type":"Feature","geometry":{"type":"Polygon","coordinates":[[[122.492714,10.709895],[122.497214,10.709895],[122.497214,10.714395],[122.492714,10.714395],[122.492714,10.709895]]]},"properties":{"confidence":"M","basis":"M-overall (see _provenance; CR-007 PR 7)"}},{"type":"Feature","geometry":{"type":"Polygon","coordinates":[[[122.492714,10.714395],[122.497214,10.714395],[122.497214,10.718895],[122.492714,10.718895],[122.492714,10.714395]]]},"properties":{"confidence":"M","basis":"M-overall (see _provenance; CR-007 PR 7)"}},{"type":"Feature","geometry":{"type":"Polygon","coordinates":[[[122.492714,10.718895],[122.497214,10.718895],[122.497214,10.723395],[122.492714,10.723395],[122.492714,10.718895]]]},"properties":{"confidence":"M","basis":"M-overall (see _provenance; CR-007 PR 7)"}},{"type":"Feature","geometry":{"type":"Polygon","coordinates":[[[122.492714,10.723395],[122.497214,10.723395],[122.497214,10.727895],[122.492714,10.727895],[122.492714,10.723395]]]},"properties":{"confidence":"M","basis":"M-overall (see _provenance; CR-007 PR 7)"}},{"type":"Feature","geometry":{"type":"Polygon","coordinates":[[[122.492714,10.727895],[122.497214,10.727895],[122.497214,10.732395],[122.492714,10.732395],[122.492714,10.727895]]]},"properties":{"confidence":"M","basis":"M-overall (see _provenance; CR-007 PR 7)"}},{"type":"Feature","geometry":{"type":"Polygon","coordinates":[[[122.492714,10.732395],[122.497214,10.732395],[122.497214,10.736895],[122.492714,10.736895],[122.492714,10.732395]]]},"properties":{"confidence":"M","basis":"M-overall (see _provenance; CR-007 PR 7)"}},{"type":"Feature","geometry":{"type":"Polygon","coordinates":[[[122.492714,10.736895],[122.497214,10.736895],[122.497214,10.741395],[122.492714,10.741395],[122.492714,10.736895]]]},"properties":{"confidence":"M","basis":"M-overall (see _provenance; CR-007 PR 7)"}},{"type":"Feature","geometry":{"type":"Polygon","coordinates":[[[122.492714,10.741395],[122.497214,10.741395],[122.497214,10.745895],[122.492714,10.745895],[122.492714,10.741395]]]},"properties":{"confidence":"M","basis":"M-overall (see _provenance; CR-007 PR 7)"}},{"type":"Feature","geometry":{"type":"Polygon","coordinates":[[[122.492714,10.745895],[122.497214,10.745895],[122.497214,10.750395],[122.492714,10.750395],[122.492714,10.745895]]]},"properties":{"confidence":"M","basis":"M-overall (see _provenance; CR-007 PR 7)"}},{"type":"Feature","geometry":{"type":"Polygon","coordinates":[[[122.492714,10.750395],[122.497214,10.750395],[122.497214,10.754895],[122.492714,10.754895],[122.492714,10.750395]]]},"properties":{"confidence":"M","basis":"M-overall (see _provenance; CR-007 PR 7)"}},{"type":"Feature","geometry":{"type":"Polygon","coordinates":[[[122.492714,10.754895],[122.497214,10.754895],[122.497214,10.759395],[122.492714,10.759395],[122.492714,10.754895]]]},"properties":{"confidence":"M","basis":"M-overall (see _provenance; CR-007 PR 7)"}},{"type":"Feature","geometry":{"type":"Polygon","coordinates":[[[122.492714,10.759395],[122.497214,10.759395],[122.497214,10.763895],[122.492714,10.763895],[122.492714,10.759395]]]},"properties":{"confidence":"M","basis":"M-overall (see _provenance; CR-007 PR 7)"}},{"type":"Feature","geometry":{"type":"Polygon","coordinates":[[[122.492714,10.763895],[122.497214,10.763895],[122.497214,10.768395],[122.492714,10.768395],[122.492714,10.763895]]]},"properties":{"confidence":"M","basis":"M-overall (see _provenance; CR-007 PR 7)"}},{"type":"Feature","geometry":{"type":"Polygon","coordinates":[[[122.492714,10.768395],[122.497214,10.768395],[122.497214,10.772895],[122.492714,10.772895],[122.492714,10.768395]]]},"properties":{"confidence":"M","basis":"M-overall (see _provenance; CR-007 PR 7)"}},{"type":"Feature","geometry":{"type":"Polygon","coordinates":[[[122.492714,10.772895],[122.497214,10.772895],[122.497214,10.777395],[122.492714,10.777395],[122.492714,10.772895]]]},"properties":{"confidence":"M","basis":"M-overall (see _provenance; CR-007 PR 7)"}},{"type":"Feature","geometry":{"type":"Polygon","coordinates":[[[122.492714,10.777395],[122.497214,10.777395],[122.497214,10.781895],[122.492714,10.781895],[122.492714,10.777395]]]},"properties":{"confidence":"M","basis":"M-overall (see _provenance; CR-007 PR 7)"}},{"type":"Feature","geometry":{"type":"Polygon","coordinates":[[[122.492714,10.781895],[122.497214,10.781895],[122.497214,10.786395],[122.492714,10.786395],[122.492714,10.781895]]]},"properties":{"confidence":"M","basis":"M-overall (see _provenance; CR-007 PR 7)"}},{"type":"Feature","geometry":{"type":"Polygon","coordinates":[[[122.492714,10.786395],[122.497214,10.786395],[122.497214,10.790895],[122.492714,10.790895],[122.492714,10.786395]]]},"properties":{"confidence":"M","basis":"M-overall (see _provenance; CR-007 PR 7)"}},{"type":"Feature","geometry":{"type":"Polygon","coordinates":[[[122.492714,10.790895],[122.497214,10.790895],[122.497214,10.795395],[122.492714,10.795395],[122.492714,10.790895]]]},"properties":{"confidence":"M","basis":"M-overall (see _provenance; CR-007 PR 7)"}},{"type":"Feature","geometry":{"type":"Polygon","coordinates":[[[122.492714,10.795395],[122.497214,10.795395],[122.497214,10.799895],[122.492714,10.799895],[122.492714,10.795395]]]},"properties":{"confidence":"M","basis":"M-overall (see _provenance; CR-007 PR 7)"}},{"type":"Feature","geometry":{"type":"Polygon","coordinates":[[[122.492714,10.799895],[122.497214,10.799895],[122.497214,10.804395],[122.492714,10.804395],[122.492714,10.799895]]]},"properties":{"confidence":"M","basis":"M-overall (see _provenance; CR-007 PR 7)"}},{"type":"Feature","geometry":{"type":"Polygon","coordinates":[[[122.492714,10.804395],[122.497214,10.804395],[122.497214,10.808895],[122.492714,10.808895],[122.492714,10.804395]]]},"properties":{"confidence":"M","basis":"M-overall (see _provenance; CR-007 PR 7)"}},{"type":"Feature","geometry":{"type":"Polygon","coordinates":[[[122.492714,10.808895],[122.497214,10.808895],[122.497214,10.812253495426909],[122.492714,10.812253495426909],[122.492714,10.808895]]]},"properties":{"confidence":"M","basis":"M-overall (see _provenance; CR-007 PR 7)"}},{"type":"Feature","geometry":{"type":"Polygon","coordinates":[[[122.497214,10.637895],[122.501714,10.637895],[122.501714,10.642395],[122.497214,10.642395],[122.497214,10.637895]]]},"properties":{"confidence":"M","basis":"M-overall (see _provenance; CR-007 PR 7)"}},{"type":"Feature","geometry":{"type":"Polygon","coordinates":[[[122.497214,10.642395],[122.501714,10.642395],[122.501714,10.646895],[122.497214,10.646895],[122.497214,10.642395]]]},"properties":{"confidence":"M","basis":"M-overall (see _provenance; CR-007 PR 7)"}},{"type":"Feature","geometry":{"type":"Polygon","coordinates":[[[122.497214,10.646895],[122.501714,10.646895],[122.501714,10.651395],[122.497214,10.651395],[122.497214,10.646895]]]},"properties":{"confidence":"M","basis":"M-overall (see _provenance; CR-007 PR 7)"}},{"type":"Feature","geometry":{"type":"Polygon","coordinates":[[[122.497214,10.651395],[122.501714,10.651395],[122.501714,10.655895],[122.497214,10.655895],[122.497214,10.651395]]]},"properties":{"confidence":"M","basis":"M-overall (see _provenance; CR-007 PR 7)"}},{"type":"Feature","geometry":{"type":"Polygon","coordinates":[[[122.497214,10.655895],[122.501714,10.655895],[122.501714,10.660395],[122.497214,10.660395],[122.497214,10.655895]]]},"properties":{"confidence":"M","basis":"M-overall (see _provenance; CR-007 PR 7)"}},{"type":"Feature","geometry":{"type":"Polygon","coordinates":[[[122.497214,10.660395],[122.501714,10.660395],[122.501714,10.664895],[122.497214,10.664895],[122.497214,10.660395]]]},"properties":{"confidence":"M","basis":"M-overall (see _provenance; CR-007 PR 7)"}},{"type":"Feature","geometry":{"type":"Polygon","coordinates":[[[122.497214,10.664895],[122.501714,10.664895],[122.501714,10.669395],[122.497214,10.669395],[122.497214,10.664895]]]},"properties":{"confidence":"M","basis":"M-overall (see _provenance; CR-007 PR 7)"}},{"type":"Feature","geometry":{"type":"Polygon","coordinates":[[[122.497214,10.669395],[122.501714,10.669395],[122.501714,10.673895],[122.497214,10.673895],[122.497214,10.669395]]]},"properties":{"confidence":"M","basis":"M-overall (see _provenance; CR-007 PR 7)"}},{"type":"Feature","geometry":{"type":"Polygon","coordinates":[[[122.497214,10.673895],[122.501714,10.673895],[122.501714,10.678395],[122.497214,10.678395],[122.497214,10.673895]]]},"properties":{"confidence":"M","basis":"M-overall (see _provenance; CR-007 PR 7)"}},{"type":"Feature","geometry":{"type":"Polygon","coordinates":[[[122.497214,10.678395],[122.501714,10.678395],[122.501714,10.682895],[122.497214,10.682895],[122.497214,10.678395]]]},"properties":{"confidence":"M","basis":"M-overall (see _provenance; CR-007 PR 7)"}},{"type":"Feature","geometry":{"type":"Polygon","coordinates":[[[122.497214,10.682895],[122.501714,10.682895],[122.501714,10.687395],[122.497214,10.687395],[122.497214,10.682895]]]},"properties":{"confidence":"M","basis":"M-overall (see _provenance; CR-007 PR 7)"}},{"type":"Feature","geometry":{"type":"Polygon","coordinates":[[[122.497214,10.687395],[122.501714,10.687395],[122.501714,10.691895],[122.497214,10.691895],[122.497214,10.687395]]]},"properties":{"confidence":"M","basis":"M-overall (see _provenance; CR-007 PR 7)"}},{"type":"Feature","geometry":{"type":"Polygon","coordinates":[[[122.497214,10.691895],[122.501714,10.691895],[122.501714,10.696395],[122.497214,10.696395],[122.497214,10.691895]]]},"properties":{"confidence":"M","basis":"M-overall (see _provenance; CR-007 PR 7)"}},{"type":"Feature","geometry":{"type":"Polygon","coordinates":[[[122.497214,10.696395],[122.501714,10.696395],[122.501714,10.700895],[122.497214,10.700895],[122.497214,10.696395]]]},"properties":{"confidence":"M","basis":"M-overall (see _provenance; CR-007 PR 7)"}},{"type":"Feature","geometry":{"type":"Polygon","coordinates":[[[122.497214,10.700895],[122.501714,10.700895],[122.501714,10.705395],[122.497214,10.705395],[122.497214,10.700895]]]},"properties":{"confidence":"M","basis":"M-overall (see _provenance; CR-007 PR 7)"}},{"type":"Feature","geometry":{"type":"Polygon","coordinates":[[[122.497214,10.705395],[122.501714,10.705395],[122.501714,10.709895],[122.497214,10.709895],[122.497214,10.705395]]]},"properties":{"confidence":"M","basis":"M-overall (see _provenance; CR-007 PR 7)"}},{"type":"Feature","geometry":{"type":"Polygon","coordinates":[[[122.497214,10.709895],[122.501714,10.709895],[122.501714,10.714395],[122.497214,10.714395],[122.497214,10.709895]]]},"properties":{"confidence":"M","basis":"M-overall (see _provenance; CR-007 PR 7)"}},{"type":"Feature","geometry":{"type":"Polygon","coordinates":[[[122.497214,10.714395],[122.501714,10.714395],[122.501714,10.718895],[122.497214,10.718895],[122.497214,10.714395]]]},"properties":{"confidence":"M","basis":"M-overall (see _provenance; CR-007 PR 7)"}},{"type":"Feature","geometry":{"type":"Polygon","coordinates":[[[122.497214,10.718895],[122.501714,10.718895],[122.501714,10.723395],[122.497214,10.723395],[122.497214,10.718895]]]},"properties":{"confidence":"M","basis":"M-overall (see _provenance; CR-007 PR 7)"}},{"type":"Feature","geometry":{"type":"Polygon","coordinates":[[[122.497214,10.723395],[122.501714,10.723395],[122.501714,10.727895],[122.497214,10.727895],[122.497214,10.723395]]]},"properties":{"confidence":"M","basis":"M-overall (see _provenance; CR-007 PR 7)"}},{"type":"Feature","geometry":{"type":"Polygon","coordinates":[[[122.497214,10.727895],[122.501714,10.727895],[122.501714,10.732395],[122.497214,10.732395],[122.497214,10.727895]]]},"properties":{"confidence":"M","basis":"M-overall (see _provenance; CR-007 PR 7)"}},{"type":"Feature","geometry":{"type":"Polygon","coordinates":[[[122.497214,10.732395],[122.501714,10.732395],[122.501714,10.736895],[122.497214,10.736895],[122.497214,10.732395]]]},"properties":{"confidence":"M","basis":"M-overall (see _provenance; CR-007 PR 7)"}},{"type":"Feature","geometry":{"type":"Polygon","coordinates":[[[122.497214,10.736895],[122.501714,10.736895],[122.501714,10.741395],[122.497214,10.741395],[122.497214,10.736895]]]},"properties":{"confidence":"M","basis":"M-overall (see _provenance; CR-007 PR 7)"}},{"type":"Feature","geometry":{"type":"Polygon","coordinates":[[[122.497214,10.741395],[122.501714,10.741395],[122.501714,10.745895],[122.497214,10.745895],[122.497214,10.741395]]]},"properties":{"confidence":"M","basis":"M-overall (see _provenance; CR-007 PR 7)"}},{"type":"Feature","geometry":{"type":"Polygon","coordinates":[[[122.497214,10.745895],[122.501714,10.745895],[122.501714,10.750395],[122.497214,10.750395],[122.497214,10.745895]]]},"properties":{"confidence":"M","basis":"M-overall (see _provenance; CR-007 PR 7)"}},{"type":"Feature","geometry":{"type":"Polygon","coordinates":[[[122.497214,10.750395],[122.501714,10.750395],[122.501714,10.754895],[122.497214,10.754895],[122.497214,10.750395]]]},"properties":{"confidence":"M","basis":"M-overall (see _provenance; CR-007 PR 7)"}},{"type":"Feature","geometry":{"type":"Polygon","coordinates":[[[122.497214,10.754895],[122.501714,10.754895],[122.501714,10.759395],[122.497214,10.759395],[122.497214,10.754895]]]},"properties":{"confidence":"M","basis":"M-overall (see _provenance; CR-007 PR 7)"}},{"type":"Feature","geometry":{"type":"Polygon","coordinates":[[[122.497214,10.759395],[122.501714,10.759395],[122.501714,10.763895],[122.497214,10.763895],[122.497214,10.759395]]]},"properties":{"confidence":"M","basis":"M-overall (see _provenance; CR-007 PR 7)"}},{"type":"Feature","geometry":{"type":"Polygon","coordinates":[[[122.497214,10.763895],[122.501714,10.763895],[122.501714,10.768395],[122.497214,10.768395],[122.497214,10.763895]]]},"properties":{"confidence":"M","basis":"M-overall (see _provenance; CR-007 PR 7)"}},{"type":"Feature","geometry":{"type":"Polygon","coordinates":[[[122.497214,10.768395],[122.501714,10.768395],[122.501714,10.772895],[122.497214,10.772895],[122.497214,10.768395]]]},"properties":{"confidence":"M","basis":"M-overall (see _provenance; CR-007 PR 7)"}},{"type":"Feature","geometry":{"type":"Polygon","coordinates":[[[122.497214,10.772895],[122.501714,10.772895],[122.501714,10.777395],[122.497214,10.777395],[122.497214,10.772895]]]},"properties":{"confidence":"M","basis":"M-overall (see _provenance; CR-007 PR 7)"}},{"type":"Feature","geometry":{"type":"Polygon","coordinates":[[[122.497214,10.777395],[122.501714,10.777395],[122.501714,10.781895],[122.497214,10.781895],[122.497214,10.777395]]]},"properties":{"confidence":"M","basis":"M-overall (see _provenance; CR-007 PR 7)"}},{"type":"Feature","geometry":{"type":"Polygon","coordinates":[[[122.497214,10.781895],[122.501714,10.781895],[122.501714,10.786395],[122.497214,10.786395],[122.497214,10.781895]]]},"properties":{"confidence":"M","basis":"M-overall (see _provenance; CR-007 PR 7)"}},{"type":"Feature","geometry":{"type":"Polygon","coordinates":[[[122.497214,10.786395],[122.501714,10.786395],[122.501714,10.790895],[122.497214,10.790895],[122.497214,10.786395]]]},"properties":{"confidence":"M","basis":"M-overall (see _provenance; CR-007 PR 7)"}},{"type":"Feature","geometry":{"type":"Polygon","coordinates":[[[122.497214,10.790895],[122.501714,10.790895],[122.501714,10.795395],[122.497214,10.795395],[122.497214,10.790895]]]},"properties":{"confidence":"M","basis":"M-overall (see _provenance; CR-007 PR 7)"}},{"type":"Feature","geometry":{"type":"Polygon","coordinates":[[[122.497214,10.795395],[122.501714,10.795395],[122.501714,10.799895],[122.497214,10.799895],[122.497214,10.795395]]]},"properties":{"confidence":"M","basis":"M-overall (see _provenance; CR-007 PR 7)"}},{"type":"Feature","geometry":{"type":"Polygon","coordinates":[[[122.497214,10.799895],[122.501714,10.799895],[122.501714,10.804395],[122.497214,10.804395],[122.497214,10.799895]]]},"properties":{"confidence":"M","basis":"M-overall (see _provenance; CR-007 PR 7)"}},{"type":"Feature","geometry":{"type":"Polygon","coordinates":[[[122.497214,10.804395],[122.501714,10.804395],[122.501714,10.808895],[122.497214,10.808895],[122.497214,10.804395]]]},"properties":{"confidence":"M","basis":"M-overall (see _provenance; CR-007 PR 7)"}},{"type":"Feature","geometry":{"type":"Polygon","coordinates":[[[122.497214,10.808895],[122.501714,10.808895],[122.501714,10.812253495426909],[122.497214,10.812253495426909],[122.497214,10.808895]]]},"properties":{"confidence":"M","basis":"M-overall (see _provenance; CR-007 PR 7)"}},{"type":"Feature","geometry":{"type":"Polygon","coordinates":[[[122.501714,10.637895],[122.506214,10.637895],[122.506214,10.642395],[122.501714,10.642395],[122.501714,10.637895]]]},"properties":{"confidence":"M","basis":"M-overall (see _provenance; CR-007 PR 7)"}},{"type":"Feature","geometry":{"type":"Polygon","coordinates":[[[122.501714,10.642395],[122.506214,10.642395],[122.506214,10.646895],[122.501714,10.646895],[122.501714,10.642395]]]},"properties":{"confidence":"M","basis":"M-overall (see _provenance; CR-007 PR 7)"}},{"type":"Feature","geometry":{"type":"Polygon","coordinates":[[[122.501714,10.646895],[122.506214,10.646895],[122.506214,10.651395],[122.501714,10.651395],[122.501714,10.646895]]]},"properties":{"confidence":"M","basis":"M-overall (see _provenance; CR-007 PR 7)"}},{"type":"Feature","geometry":{"type":"Polygon","coordinates":[[[122.501714,10.651395],[122.506214,10.651395],[122.506214,10.655895],[122.501714,10.655895],[122.501714,10.651395]]]},"properties":{"confidence":"M","basis":"M-overall (see _provenance; CR-007 PR 7)"}},{"type":"Feature","geometry":{"type":"Polygon","coordinates":[[[122.501714,10.655895],[122.506214,10.655895],[122.506214,10.660395],[122.501714,10.660395],[122.501714,10.655895]]]},"properties":{"confidence":"M","basis":"M-overall (see _provenance; CR-007 PR 7)"}},{"type":"Feature","geometry":{"type":"Polygon","coordinates":[[[122.501714,10.660395],[122.506214,10.660395],[122.506214,10.664895],[122.501714,10.664895],[122.501714,10.660395]]]},"properties":{"confidence":"M","basis":"M-overall (see _provenance; CR-007 PR 7)"}},{"type":"Feature","geometry":{"type":"Polygon","coordinates":[[[122.501714,10.664895],[122.506214,10.664895],[122.506214,10.669395],[122.501714,10.669395],[122.501714,10.664895]]]},"properties":{"confidence":"M","basis":"M-overall (see _provenance; CR-007 PR 7)"}},{"type":"Feature","geometry":{"type":"Polygon","coordinates":[[[122.501714,10.669395],[122.506214,10.669395],[122.506214,10.673895],[122.501714,10.673895],[122.501714,10.669395]]]},"properties":{"confidence":"M","basis":"M-overall (see _provenance; CR-007 PR 7)"}},{"type":"Feature","geometry":{"type":"Polygon","coordinates":[[[122.501714,10.673895],[122.506214,10.673895],[122.506214,10.678395],[122.501714,10.678395],[122.501714,10.673895]]]},"properties":{"confidence":"M","basis":"M-overall (see _provenance; CR-007 PR 7)"}},{"type":"Feature","geometry":{"type":"Polygon","coordinates":[[[122.501714,10.678395],[122.506214,10.678395],[122.506214,10.682895],[122.501714,10.682895],[122.501714,10.678395]]]},"properties":{"confidence":"M","basis":"M-overall (see _provenance; CR-007 PR 7)"}},{"type":"Feature","geometry":{"type":"Polygon","coordinates":[[[122.501714,10.682895],[122.506214,10.682895],[122.506214,10.687395],[122.501714,10.687395],[122.501714,10.682895]]]},"properties":{"confidence":"M","basis":"M-overall (see _provenance; CR-007 PR 7)"}},{"type":"Feature","geometry":{"type":"Polygon","coordinates":[[[122.501714,10.687395],[122.506214,10.687395],[122.506214,10.691895],[122.501714,10.691895],[122.501714,10.687395]]]},"properties":{"confidence":"M","basis":"M-overall (see _provenance; CR-007 PR 7)"}},{"type":"Feature","geometry":{"type":"Polygon","coordinates":[[[122.501714,10.691895],[122.506214,10.691895],[122.506214,10.696395],[122.501714,10.696395],[122.501714,10.691895]]]},"properties":{"confidence":"M","basis":"M-overall (see _provenance; CR-007 PR 7)"}},{"type":"Feature","geometry":{"type":"Polygon","coordinates":[[[122.501714,10.696395],[122.506214,10.696395],[122.506214,10.700895],[122.501714,10.700895],[122.501714,10.696395]]]},"properties":{"confidence":"M","basis":"M-overall (see _provenance; CR-007 PR 7)"}},{"type":"Feature","geometry":{"type":"Polygon","coordinates":[[[122.501714,10.700895],[122.506214,10.700895],[122.506214,10.705395],[122.501714,10.705395],[122.501714,10.700895]]]},"properties":{"confidence":"M","basis":"M-overall (see _provenance; CR-007 PR 7)"}},{"type":"Feature","geometry":{"type":"Polygon","coordinates":[[[122.501714,10.705395],[122.506214,10.705395],[122.506214,10.709895],[122.501714,10.709895],[122.501714,10.705395]]]},"properties":{"confidence":"M","basis":"M-overall (see _provenance; CR-007 PR 7)"}},{"type":"Feature","geometry":{"type":"Polygon","coordinates":[[[122.501714,10.709895],[122.506214,10.709895],[122.506214,10.714395],[122.501714,10.714395],[122.501714,10.709895]]]},"properties":{"confidence":"M","basis":"M-overall (see _provenance; CR-007 PR 7)"}},{"type":"Feature","geometry":{"type":"Polygon","coordinates":[[[122.501714,10.714395],[122.506214,10.714395],[122.506214,10.718895],[122.501714,10.718895],[122.501714,10.714395]]]},"properties":{"confidence":"M","basis":"M-overall (see _provenance; CR-007 PR 7)"}},{"type":"Feature","geometry":{"type":"Polygon","coordinates":[[[122.501714,10.718895],[122.506214,10.718895],[122.506214,10.723395],[122.501714,10.723395],[122.501714,10.718895]]]},"properties":{"confidence":"M","basis":"M-overall (see _provenance; CR-007 PR 7)"}},{"type":"Feature","geometry":{"type":"Polygon","coordinates":[[[122.501714,10.723395],[122.506214,10.723395],[122.506214,10.727895],[122.501714,10.727895],[122.501714,10.723395]]]},"properties":{"confidence":"M","basis":"M-overall (see _provenance; CR-007 PR 7)"}},{"type":"Feature","geometry":{"type":"Polygon","coordinates":[[[122.501714,10.727895],[122.506214,10.727895],[122.506214,10.732395],[122.501714,10.732395],[122.501714,10.727895]]]},"properties":{"confidence":"M","basis":"M-overall (see _provenance; CR-007 PR 7)"}},{"type":"Feature","geometry":{"type":"Polygon","coordinates":[[[122.501714,10.732395],[122.506214,10.732395],[122.506214,10.736895],[122.501714,10.736895],[122.501714,10.732395]]]},"properties":{"confidence":"M","basis":"M-overall (see _provenance; CR-007 PR 7)"}},{"type":"Feature","geometry":{"type":"Polygon","coordinates":[[[122.501714,10.736895],[122.506214,10.736895],[122.506214,10.741395],[122.501714,10.741395],[122.501714,10.736895]]]},"properties":{"confidence":"M","basis":"M-overall (see _provenance; CR-007 PR 7)"}},{"type":"Feature","geometry":{"type":"Polygon","coordinates":[[[122.501714,10.741395],[122.506214,10.741395],[122.506214,10.745895],[122.501714,10.745895],[122.501714,10.741395]]]},"properties":{"confidence":"M","basis":"M-overall (see _provenance; CR-007 PR 7)"}},{"type":"Feature","geometry":{"type":"Polygon","coordinates":[[[122.501714,10.745895],[122.506214,10.745895],[122.506214,10.750395],[122.501714,10.750395],[122.501714,10.745895]]]},"properties":{"confidence":"M","basis":"M-overall (see _provenance; CR-007 PR 7)"}},{"type":"Feature","geometry":{"type":"Polygon","coordinates":[[[122.501714,10.750395],[122.506214,10.750395],[122.506214,10.754895],[122.501714,10.754895],[122.501714,10.750395]]]},"properties":{"confidence":"M","basis":"M-overall (see _provenance; CR-007 PR 7)"}},{"type":"Feature","geometry":{"type":"Polygon","coordinates":[[[122.501714,10.754895],[122.506214,10.754895],[122.506214,10.759395],[122.501714,10.759395],[122.501714,10.754895]]]},"properties":{"confidence":"M","basis":"M-overall (see _provenance; CR-007 PR 7)"}},{"type":"Feature","geometry":{"type":"Polygon","coordinates":[[[122.501714,10.759395],[122.506214,10.759395],[122.506214,10.763895],[122.501714,10.763895],[122.501714,10.759395]]]},"properties":{"confidence":"M","basis":"M-overall (see _provenance; CR-007 PR 7)"}},{"type":"Feature","geometry":{"type":"Polygon","coordinates":[[[122.501714,10.763895],[122.506214,10.763895],[122.506214,10.768395],[122.501714,10.768395],[122.501714,10.763895]]]},"properties":{"confidence":"M","basis":"M-overall (see _provenance; CR-007 PR 7)"}},{"type":"Feature","geometry":{"type":"Polygon","coordinates":[[[122.501714,10.768395],[122.506214,10.768395],[122.506214,10.772895],[122.501714,10.772895],[122.501714,10.768395]]]},"properties":{"confidence":"M","basis":"M-overall (see _provenance; CR-007 PR 7)"}},{"type":"Feature","geometry":{"type":"Polygon","coordinates":[[[122.501714,10.772895],[122.506214,10.772895],[122.506214,10.777395],[122.501714,10.777395],[122.501714,10.772895]]]},"properties":{"confidence":"M","basis":"M-overall (see _provenance; CR-007 PR 7)"}},{"type":"Feature","geometry":{"type":"Polygon","coordinates":[[[122.501714,10.777395],[122.506214,10.777395],[122.506214,10.781895],[122.501714,10.781895],[122.501714,10.777395]]]},"properties":{"confidence":"M","basis":"M-overall (see _provenance; CR-007 PR 7)"}},{"type":"Feature","geometry":{"type":"Polygon","coordinates":[[[122.501714,10.781895],[122.506214,10.781895],[122.506214,10.786395],[122.501714,10.786395],[122.501714,10.781895]]]},"properties":{"confidence":"M","basis":"M-overall (see _provenance; CR-007 PR 7)"}},{"type":"Feature","geometry":{"type":"Polygon","coordinates":[[[122.501714,10.786395],[122.506214,10.786395],[122.506214,10.790895],[122.501714,10.790895],[122.501714,10.786395]]]},"properties":{"confidence":"M","basis":"M-overall (see _provenance; CR-007 PR 7)"}},{"type":"Feature","geometry":{"type":"Polygon","coordinates":[[[122.501714,10.790895],[122.506214,10.790895],[122.506214,10.795395],[122.501714,10.795395],[122.501714,10.790895]]]},"properties":{"confidence":"M","basis":"M-overall (see _provenance; CR-007 PR 7)"}},{"type":"Feature","geometry":{"type":"Polygon","coordinates":[[[122.501714,10.795395],[122.506214,10.795395],[122.506214,10.799895],[122.501714,10.799895],[122.501714,10.795395]]]},"properties":{"confidence":"M","basis":"M-overall (see _provenance; CR-007 PR 7)"}},{"type":"Feature","geometry":{"type":"Polygon","coordinates":[[[122.501714,10.799895],[122.506214,10.799895],[122.506214,10.804395],[122.501714,10.804395],[122.501714,10.799895]]]},"properties":{"confidence":"M","basis":"M-overall (see _provenance; CR-007 PR 7)"}},{"type":"Feature","geometry":{"type":"Polygon","coordinates":[[[122.501714,10.804395],[122.506214,10.804395],[122.506214,10.808895],[122.501714,10.808895],[122.501714,10.804395]]]},"properties":{"confidence":"M","basis":"M-overall (see _provenance; CR-007 PR 7)"}},{"type":"Feature","geometry":{"type":"Polygon","coordinates":[[[122.501714,10.808895],[122.506214,10.808895],[122.506214,10.812253495426909],[122.501714,10.812253495426909],[122.501714,10.808895]]]},"properties":{"confidence":"M","basis":"M-overall (see _provenance; CR-007 PR 7)"}},{"type":"Feature","geometry":{"type":"Polygon","coordinates":[[[122.506214,10.637895],[122.510714,10.637895],[122.510714,10.642395],[122.506214,10.642395],[122.506214,10.637895]]]},"properties":{"confidence":"M","basis":"M-overall (see _provenance; CR-007 PR 7)"}},{"type":"Feature","geometry":{"type":"Polygon","coordinates":[[[122.506214,10.642395],[122.510714,10.642395],[122.510714,10.646895],[122.506214,10.646895],[122.506214,10.642395]]]},"properties":{"confidence":"M","basis":"M-overall (see _provenance; CR-007 PR 7)"}},{"type":"Feature","geometry":{"type":"Polygon","coordinates":[[[122.506214,10.646895],[122.510714,10.646895],[122.510714,10.651395],[122.506214,10.651395],[122.506214,10.646895]]]},"properties":{"confidence":"M","basis":"M-overall (see _provenance; CR-007 PR 7)"}},{"type":"Feature","geometry":{"type":"Polygon","coordinates":[[[122.506214,10.651395],[122.510714,10.651395],[122.510714,10.655895],[122.506214,10.655895],[122.506214,10.651395]]]},"properties":{"confidence":"M","basis":"M-overall (see _provenance; CR-007 PR 7)"}},{"type":"Feature","geometry":{"type":"Polygon","coordinates":[[[122.506214,10.655895],[122.510714,10.655895],[122.510714,10.660395],[122.506214,10.660395],[122.506214,10.655895]]]},"properties":{"confidence":"M","basis":"M-overall (see _provenance; CR-007 PR 7)"}},{"type":"Feature","geometry":{"type":"Polygon","coordinates":[[[122.506214,10.660395],[122.510714,10.660395],[122.510714,10.664895],[122.506214,10.664895],[122.506214,10.660395]]]},"properties":{"confidence":"M","basis":"M-overall (see _provenance; CR-007 PR 7)"}},{"type":"Feature","geometry":{"type":"Polygon","coordinates":[[[122.506214,10.664895],[122.510714,10.664895],[122.510714,10.669395],[122.506214,10.669395],[122.506214,10.664895]]]},"properties":{"confidence":"M","basis":"M-overall (see _provenance; CR-007 PR 7)"}},{"type":"Feature","geometry":{"type":"Polygon","coordinates":[[[122.506214,10.669395],[122.510714,10.669395],[122.510714,10.673895],[122.506214,10.673895],[122.506214,10.669395]]]},"properties":{"confidence":"M","basis":"M-overall (see _provenance; CR-007 PR 7)"}},{"type":"Feature","geometry":{"type":"Polygon","coordinates":[[[122.506214,10.673895],[122.510714,10.673895],[122.510714,10.678395],[122.506214,10.678395],[122.506214,10.673895]]]},"properties":{"confidence":"M","basis":"M-overall (see _provenance; CR-007 PR 7)"}},{"type":"Feature","geometry":{"type":"Polygon","coordinates":[[[122.506214,10.678395],[122.510714,10.678395],[122.510714,10.682895],[122.506214,10.682895],[122.506214,10.678395]]]},"properties":{"confidence":"M","basis":"M-overall (see _provenance; CR-007 PR 7)"}},{"type":"Feature","geometry":{"type":"Polygon","coordinates":[[[122.506214,10.682895],[122.510714,10.682895],[122.510714,10.687395],[122.506214,10.687395],[122.506214,10.682895]]]},"properties":{"confidence":"M","basis":"M-overall (see _provenance; CR-007 PR 7)"}},{"type":"Feature","geometry":{"type":"Polygon","coordinates":[[[122.506214,10.687395],[122.510714,10.687395],[122.510714,10.691895],[122.506214,10.691895],[122.506214,10.687395]]]},"properties":{"confidence":"M","basis":"M-overall (see _provenance; CR-007 PR 7)"}},{"type":"Feature","geometry":{"type":"Polygon","coordinates":[[[122.506214,10.691895],[122.510714,10.691895],[122.510714,10.696395],[122.506214,10.696395],[122.506214,10.691895]]]},"properties":{"confidence":"M","basis":"M-overall (see _provenance; CR-007 PR 7)"}},{"type":"Feature","geometry":{"type":"Polygon","coordinates":[[[122.506214,10.696395],[122.510714,10.696395],[122.510714,10.700895],[122.506214,10.700895],[122.506214,10.696395]]]},"properties":{"confidence":"M","basis":"M-overall (see _provenance; CR-007 PR 7)"}},{"type":"Feature","geometry":{"type":"Polygon","coordinates":[[[122.506214,10.700895],[122.510714,10.700895],[122.510714,10.705395],[122.506214,10.705395],[122.506214,10.700895]]]},"properties":{"confidence":"M","basis":"M-overall (see _provenance; CR-007 PR 7)"}},{"type":"Feature","geometry":{"type":"Polygon","coordinates":[[[122.506214,10.705395],[122.510714,10.705395],[122.510714,10.709895],[122.506214,10.709895],[122.506214,10.705395]]]},"properties":{"confidence":"M","basis":"M-overall (see _provenance; CR-007 PR 7)"}},{"type":"Feature","geometry":{"type":"Polygon","coordinates":[[[122.506214,10.709895],[122.510714,10.709895],[122.510714,10.714395],[122.506214,10.714395],[122.506214,10.709895]]]},"properties":{"confidence":"M","basis":"M-overall (see _provenance; CR-007 PR 7)"}},{"type":"Feature","geometry":{"type":"Polygon","coordinates":[[[122.506214,10.714395],[122.510714,10.714395],[122.510714,10.718895],[122.506214,10.718895],[122.506214,10.714395]]]},"properties":{"confidence":"M","basis":"M-overall (see _provenance; CR-007 PR 7)"}},{"type":"Feature","geometry":{"type":"Polygon","coordinates":[[[122.506214,10.718895],[122.510714,10.718895],[122.510714,10.723395],[122.506214,10.723395],[122.506214,10.718895]]]},"properties":{"confidence":"M","basis":"M-overall (see _provenance; CR-007 PR 7)"}},{"type":"Feature","geometry":{"type":"Polygon","coordinates":[[[122.506214,10.723395],[122.510714,10.723395],[122.510714,10.727895],[122.506214,10.727895],[122.506214,10.723395]]]},"properties":{"confidence":"M","basis":"M-overall (see _provenance; CR-007 PR 7)"}},{"type":"Feature","geometry":{"type":"Polygon","coordinates":[[[122.506214,10.727895],[122.510714,10.727895],[122.510714,10.732395],[122.506214,10.732395],[122.506214,10.727895]]]},"properties":{"confidence":"M","basis":"M-overall (see _provenance; CR-007 PR 7)"}},{"type":"Feature","geometry":{"type":"Polygon","coordinates":[[[122.506214,10.732395],[122.510714,10.732395],[122.510714,10.736895],[122.506214,10.736895],[122.506214,10.732395]]]},"properties":{"confidence":"M","basis":"M-overall (see _provenance; CR-007 PR 7)"}},{"type":"Feature","geometry":{"type":"Polygon","coordinates":[[[122.506214,10.736895],[122.510714,10.736895],[122.510714,10.741395],[122.506214,10.741395],[122.506214,10.736895]]]},"properties":{"confidence":"M","basis":"M-overall (see _provenance; CR-007 PR 7)"}},{"type":"Feature","geometry":{"type":"Polygon","coordinates":[[[122.506214,10.741395],[122.510714,10.741395],[122.510714,10.745895],[122.506214,10.745895],[122.506214,10.741395]]]},"properties":{"confidence":"M","basis":"M-overall (see _provenance; CR-007 PR 7)"}},{"type":"Feature","geometry":{"type":"Polygon","coordinates":[[[122.506214,10.745895],[122.510714,10.745895],[122.510714,10.750395],[122.506214,10.750395],[122.506214,10.745895]]]},"properties":{"confidence":"M","basis":"M-overall (see _provenance; CR-007 PR 7)"}},{"type":"Feature","geometry":{"type":"Polygon","coordinates":[[[122.506214,10.750395],[122.510714,10.750395],[122.510714,10.754895],[122.506214,10.754895],[122.506214,10.750395]]]},"properties":{"confidence":"M","basis":"M-overall (see _provenance; CR-007 PR 7)"}},{"type":"Feature","geometry":{"type":"Polygon","coordinates":[[[122.506214,10.754895],[122.510714,10.754895],[122.510714,10.759395],[122.506214,10.759395],[122.506214,10.754895]]]},"properties":{"confidence":"M","basis":"M-overall (see _provenance; CR-007 PR 7)"}},{"type":"Feature","geometry":{"type":"Polygon","coordinates":[[[122.506214,10.759395],[122.510714,10.759395],[122.510714,10.763895],[122.506214,10.763895],[122.506214,10.759395]]]},"properties":{"confidence":"M","basis":"M-overall (see _provenance; CR-007 PR 7)"}},{"type":"Feature","geometry":{"type":"Polygon","coordinates":[[[122.506214,10.763895],[122.510714,10.763895],[122.510714,10.768395],[122.506214,10.768395],[122.506214,10.763895]]]},"properties":{"confidence":"M","basis":"M-overall (see _provenance; CR-007 PR 7)"}},{"type":"Feature","geometry":{"type":"Polygon","coordinates":[[[122.506214,10.768395],[122.510714,10.768395],[122.510714,10.772895],[122.506214,10.772895],[122.506214,10.768395]]]},"properties":{"confidence":"M","basis":"M-overall (see _provenance; CR-007 PR 7)"}},{"type":"Feature","geometry":{"type":"Polygon","coordinates":[[[122.506214,10.772895],[122.510714,10.772895],[122.510714,10.777395],[122.506214,10.777395],[122.506214,10.772895]]]},"properties":{"confidence":"M","basis":"M-overall (see _provenance; CR-007 PR 7)"}},{"type":"Feature","geometry":{"type":"Polygon","coordinates":[[[122.506214,10.777395],[122.510714,10.777395],[122.510714,10.781895],[122.506214,10.781895],[122.506214,10.777395]]]},"properties":{"confidence":"M","basis":"M-overall (see _provenance; CR-007 PR 7)"}},{"type":"Feature","geometry":{"type":"Polygon","coordinates":[[[122.506214,10.781895],[122.510714,10.781895],[122.510714,10.786395],[122.506214,10.786395],[122.506214,10.781895]]]},"properties":{"confidence":"M","basis":"M-overall (see _provenance; CR-007 PR 7)"}},{"type":"Feature","geometry":{"type":"Polygon","coordinates":[[[122.506214,10.786395],[122.510714,10.786395],[122.510714,10.790895],[122.506214,10.790895],[122.506214,10.786395]]]},"properties":{"confidence":"M","basis":"M-overall (see _provenance; CR-007 PR 7)"}},{"type":"Feature","geometry":{"type":"Polygon","coordinates":[[[122.506214,10.790895],[122.510714,10.790895],[122.510714,10.795395],[122.506214,10.795395],[122.506214,10.790895]]]},"properties":{"confidence":"M","basis":"M-overall (see _provenance; CR-007 PR 7)"}},{"type":"Feature","geometry":{"type":"Polygon","coordinates":[[[122.506214,10.795395],[122.510714,10.795395],[122.510714,10.799895],[122.506214,10.799895],[122.506214,10.795395]]]},"properties":{"confidence":"M","basis":"M-overall (see _provenance; CR-007 PR 7)"}},{"type":"Feature","geometry":{"type":"Polygon","coordinates":[[[122.506214,10.799895],[122.510714,10.799895],[122.510714,10.804395],[122.506214,10.804395],[122.506214,10.799895]]]},"properties":{"confidence":"M","basis":"M-overall (see _provenance; CR-007 PR 7)"}},{"type":"Feature","geometry":{"type":"Polygon","coordinates":[[[122.506214,10.804395],[122.510714,10.804395],[122.510714,10.808895],[122.506214,10.808895],[122.506214,10.804395]]]},"properties":{"confidence":"M","basis":"M-overall (see _provenance; CR-007 PR 7)"}},{"type":"Feature","geometry":{"type":"Polygon","coordinates":[[[122.506214,10.808895],[122.510714,10.808895],[122.510714,10.812253495426909],[122.506214,10.812253495426909],[122.506214,10.808895]]]},"properties":{"confidence":"M","basis":"M-overall (see _provenance; CR-007 PR 7)"}},{"type":"Feature","geometry":{"type":"Polygon","coordinates":[[[122.510714,10.637895],[122.515214,10.637895],[122.515214,10.642395],[122.510714,10.642395],[122.510714,10.637895]]]},"properties":{"confidence":"M","basis":"M-overall (see _provenance; CR-007 PR 7)"}},{"type":"Feature","geometry":{"type":"Polygon","coordinates":[[[122.510714,10.642395],[122.515214,10.642395],[122.515214,10.646895],[122.510714,10.646895],[122.510714,10.642395]]]},"properties":{"confidence":"M","basis":"M-overall (see _provenance; CR-007 PR 7)"}},{"type":"Feature","geometry":{"type":"Polygon","coordinates":[[[122.510714,10.646895],[122.515214,10.646895],[122.515214,10.651395],[122.510714,10.651395],[122.510714,10.646895]]]},"properties":{"confidence":"M","basis":"M-overall (see _provenance; CR-007 PR 7)"}},{"type":"Feature","geometry":{"type":"Polygon","coordinates":[[[122.510714,10.651395],[122.515214,10.651395],[122.515214,10.655895],[122.510714,10.655895],[122.510714,10.651395]]]},"properties":{"confidence":"M","basis":"M-overall (see _provenance; CR-007 PR 7)"}},{"type":"Feature","geometry":{"type":"Polygon","coordinates":[[[122.510714,10.655895],[122.515214,10.655895],[122.515214,10.660395],[122.510714,10.660395],[122.510714,10.655895]]]},"properties":{"confidence":"M","basis":"M-overall (see _provenance; CR-007 PR 7)"}},{"type":"Feature","geometry":{"type":"Polygon","coordinates":[[[122.510714,10.660395],[122.515214,10.660395],[122.515214,10.664895],[122.510714,10.664895],[122.510714,10.660395]]]},"properties":{"confidence":"M","basis":"M-overall (see _provenance; CR-007 PR 7)"}},{"type":"Feature","geometry":{"type":"Polygon","coordinates":[[[122.510714,10.664895],[122.515214,10.664895],[122.515214,10.669395],[122.510714,10.669395],[122.510714,10.664895]]]},"properties":{"confidence":"M","basis":"M-overall (see _provenance; CR-007 PR 7)"}},{"type":"Feature","geometry":{"type":"Polygon","coordinates":[[[122.510714,10.669395],[122.515214,10.669395],[122.515214,10.673895],[122.510714,10.673895],[122.510714,10.669395]]]},"properties":{"confidence":"M","basis":"M-overall (see _provenance; CR-007 PR 7)"}},{"type":"Feature","geometry":{"type":"Polygon","coordinates":[[[122.510714,10.673895],[122.515214,10.673895],[122.515214,10.678395],[122.510714,10.678395],[122.510714,10.673895]]]},"properties":{"confidence":"M","basis":"M-overall (see _provenance; CR-007 PR 7)"}},{"type":"Feature","geometry":{"type":"Polygon","coordinates":[[[122.510714,10.678395],[122.515214,10.678395],[122.515214,10.682895],[122.510714,10.682895],[122.510714,10.678395]]]},"properties":{"confidence":"M","basis":"M-overall (see _provenance; CR-007 PR 7)"}},{"type":"Feature","geometry":{"type":"Polygon","coordinates":[[[122.510714,10.682895],[122.515214,10.682895],[122.515214,10.687395],[122.510714,10.687395],[122.510714,10.682895]]]},"properties":{"confidence":"M","basis":"M-overall (see _provenance; CR-007 PR 7)"}},{"type":"Feature","geometry":{"type":"Polygon","coordinates":[[[122.510714,10.687395],[122.515214,10.687395],[122.515214,10.691895],[122.510714,10.691895],[122.510714,10.687395]]]},"properties":{"confidence":"M","basis":"M-overall (see _provenance; CR-007 PR 7)"}},{"type":"Feature","geometry":{"type":"Polygon","coordinates":[[[122.510714,10.691895],[122.515214,10.691895],[122.515214,10.696395],[122.510714,10.696395],[122.510714,10.691895]]]},"properties":{"confidence":"M","basis":"M-overall (see _provenance; CR-007 PR 7)"}},{"type":"Feature","geometry":{"type":"Polygon","coordinates":[[[122.510714,10.696395],[122.515214,10.696395],[122.515214,10.700895],[122.510714,10.700895],[122.510714,10.696395]]]},"properties":{"confidence":"M","basis":"M-overall (see _provenance; CR-007 PR 7)"}},{"type":"Feature","geometry":{"type":"Polygon","coordinates":[[[122.510714,10.700895],[122.515214,10.700895],[122.515214,10.705395],[122.510714,10.705395],[122.510714,10.700895]]]},"properties":{"confidence":"M","basis":"M-overall (see _provenance; CR-007 PR 7)"}},{"type":"Feature","geometry":{"type":"Polygon","coordinates":[[[122.510714,10.705395],[122.515214,10.705395],[122.515214,10.709895],[122.510714,10.709895],[122.510714,10.705395]]]},"properties":{"confidence":"M","basis":"M-overall (see _provenance; CR-007 PR 7)"}},{"type":"Feature","geometry":{"type":"Polygon","coordinates":[[[122.510714,10.709895],[122.515214,10.709895],[122.515214,10.714395],[122.510714,10.714395],[122.510714,10.709895]]]},"properties":{"confidence":"M","basis":"M-overall (see _provenance; CR-007 PR 7)"}},{"type":"Feature","geometry":{"type":"Polygon","coordinates":[[[122.510714,10.714395],[122.515214,10.714395],[122.515214,10.718895],[122.510714,10.718895],[122.510714,10.714395]]]},"properties":{"confidence":"M","basis":"M-overall (see _provenance; CR-007 PR 7)"}},{"type":"Feature","geometry":{"type":"Polygon","coordinates":[[[122.510714,10.718895],[122.515214,10.718895],[122.515214,10.723395],[122.510714,10.723395],[122.510714,10.718895]]]},"properties":{"confidence":"M","basis":"M-overall (see _provenance; CR-007 PR 7)"}},{"type":"Feature","geometry":{"type":"Polygon","coordinates":[[[122.510714,10.723395],[122.515214,10.723395],[122.515214,10.727895],[122.510714,10.727895],[122.510714,10.723395]]]},"properties":{"confidence":"M","basis":"M-overall (see _provenance; CR-007 PR 7)"}},{"type":"Feature","geometry":{"type":"Polygon","coordinates":[[[122.510714,10.727895],[122.515214,10.727895],[122.515214,10.732395],[122.510714,10.732395],[122.510714,10.727895]]]},"properties":{"confidence":"M","basis":"M-overall (see _provenance; CR-007 PR 7)"}},{"type":"Feature","geometry":{"type":"Polygon","coordinates":[[[122.510714,10.732395],[122.515214,10.732395],[122.515214,10.736895],[122.510714,10.736895],[122.510714,10.732395]]]},"properties":{"confidence":"M","basis":"M-overall (see _provenance; CR-007 PR 7)"}},{"type":"Feature","geometry":{"type":"Polygon","coordinates":[[[122.510714,10.736895],[122.515214,10.736895],[122.515214,10.741395],[122.510714,10.741395],[122.510714,10.736895]]]},"properties":{"confidence":"M","basis":"M-overall (see _provenance; CR-007 PR 7)"}},{"type":"Feature","geometry":{"type":"Polygon","coordinates":[[[122.510714,10.741395],[122.515214,10.741395],[122.515214,10.745895],[122.510714,10.745895],[122.510714,10.741395]]]},"properties":{"confidence":"M","basis":"M-overall (see _provenance; CR-007 PR 7)"}},{"type":"Feature","geometry":{"type":"Polygon","coordinates":[[[122.510714,10.745895],[122.515214,10.745895],[122.515214,10.750395],[122.510714,10.750395],[122.510714,10.745895]]]},"properties":{"confidence":"M","basis":"M-overall (see _provenance; CR-007 PR 7)"}},{"type":"Feature","geometry":{"type":"Polygon","coordinates":[[[122.510714,10.750395],[122.515214,10.750395],[122.515214,10.754895],[122.510714,10.754895],[122.510714,10.750395]]]},"properties":{"confidence":"M","basis":"M-overall (see _provenance; CR-007 PR 7)"}},{"type":"Feature","geometry":{"type":"Polygon","coordinates":[[[122.510714,10.754895],[122.515214,10.754895],[122.515214,10.759395],[122.510714,10.759395],[122.510714,10.754895]]]},"properties":{"confidence":"M","basis":"M-overall (see _provenance; CR-007 PR 7)"}},{"type":"Feature","geometry":{"type":"Polygon","coordinates":[[[122.510714,10.759395],[122.515214,10.759395],[122.515214,10.763895],[122.510714,10.763895],[122.510714,10.759395]]]},"properties":{"confidence":"M","basis":"M-overall (see _provenance; CR-007 PR 7)"}},{"type":"Feature","geometry":{"type":"Polygon","coordinates":[[[122.510714,10.763895],[122.515214,10.763895],[122.515214,10.768395],[122.510714,10.768395],[122.510714,10.763895]]]},"properties":{"confidence":"M","basis":"M-overall (see _provenance; CR-007 PR 7)"}},{"type":"Feature","geometry":{"type":"Polygon","coordinates":[[[122.510714,10.768395],[122.515214,10.768395],[122.515214,10.772895],[122.510714,10.772895],[122.510714,10.768395]]]},"properties":{"confidence":"M","basis":"M-overall (see _provenance; CR-007 PR 7)"}},{"type":"Feature","geometry":{"type":"Polygon","coordinates":[[[122.510714,10.772895],[122.515214,10.772895],[122.515214,10.777395],[122.510714,10.777395],[122.510714,10.772895]]]},"properties":{"confidence":"M","basis":"M-overall (see _provenance; CR-007 PR 7)"}},{"type":"Feature","geometry":{"type":"Polygon","coordinates":[[[122.510714,10.777395],[122.515214,10.777395],[122.515214,10.781895],[122.510714,10.781895],[122.510714,10.777395]]]},"properties":{"confidence":"M","basis":"M-overall (see _provenance; CR-007 PR 7)"}},{"type":"Feature","geometry":{"type":"Polygon","coordinates":[[[122.510714,10.781895],[122.515214,10.781895],[122.515214,10.786395],[122.510714,10.786395],[122.510714,10.781895]]]},"properties":{"confidence":"M","basis":"M-overall (see _provenance; CR-007 PR 7)"}},{"type":"Feature","geometry":{"type":"Polygon","coordinates":[[[122.510714,10.786395],[122.515214,10.786395],[122.515214,10.790895],[122.510714,10.790895],[122.510714,10.786395]]]},"properties":{"confidence":"M","basis":"M-overall (see _provenance; CR-007 PR 7)"}},{"type":"Feature","geometry":{"type":"Polygon","coordinates":[[[122.510714,10.790895],[122.515214,10.790895],[122.515214,10.795395],[122.510714,10.795395],[122.510714,10.790895]]]},"properties":{"confidence":"M","basis":"M-overall (see _provenance; CR-007 PR 7)"}},{"type":"Feature","geometry":{"type":"Polygon","coordinates":[[[122.510714,10.795395],[122.515214,10.795395],[122.515214,10.799895],[122.510714,10.799895],[122.510714,10.795395]]]},"properties":{"confidence":"M","basis":"M-overall (see _provenance; CR-007 PR 7)"}},{"type":"Feature","geometry":{"type":"Polygon","coordinates":[[[122.510714,10.799895],[122.515214,10.799895],[122.515214,10.804395],[122.510714,10.804395],[122.510714,10.799895]]]},"properties":{"confidence":"M","basis":"M-overall (see _provenance; CR-007 PR 7)"}},{"type":"Feature","geometry":{"type":"Polygon","coordinates":[[[122.510714,10.804395],[122.515214,10.804395],[122.515214,10.808895],[122.510714,10.808895],[122.510714,10.804395]]]},"properties":{"confidence":"M","basis":"M-overall (see _provenance; CR-007 PR 7)"}},{"type":"Feature","geometry":{"type":"Polygon","coordinates":[[[122.510714,10.808895],[122.515214,10.808895],[122.515214,10.812253495426909],[122.510714,10.812253495426909],[122.510714,10.808895]]]},"properties":{"confidence":"M","basis":"M-overall (see _provenance; CR-007 PR 7)"}},{"type":"Feature","geometry":{"type":"Polygon","coordinates":[[[122.515214,10.637895],[122.519714,10.637895],[122.519714,10.642395],[122.515214,10.642395],[122.515214,10.637895]]]},"properties":{"confidence":"M","basis":"M-overall (see _provenance; CR-007 PR 7)"}},{"type":"Feature","geometry":{"type":"Polygon","coordinates":[[[122.515214,10.642395],[122.519714,10.642395],[122.519714,10.646895],[122.515214,10.646895],[122.515214,10.642395]]]},"properties":{"confidence":"M","basis":"M-overall (see _provenance; CR-007 PR 7)"}},{"type":"Feature","geometry":{"type":"Polygon","coordinates":[[[122.515214,10.646895],[122.519714,10.646895],[122.519714,10.651395],[122.515214,10.651395],[122.515214,10.646895]]]},"properties":{"confidence":"M","basis":"M-overall (see _provenance; CR-007 PR 7)"}},{"type":"Feature","geometry":{"type":"Polygon","coordinates":[[[122.515214,10.651395],[122.519714,10.651395],[122.519714,10.655895],[122.515214,10.655895],[122.515214,10.651395]]]},"properties":{"confidence":"M","basis":"M-overall (see _provenance; CR-007 PR 7)"}},{"type":"Feature","geometry":{"type":"Polygon","coordinates":[[[122.515214,10.655895],[122.519714,10.655895],[122.519714,10.660395],[122.515214,10.660395],[122.515214,10.655895]]]},"properties":{"confidence":"M","basis":"M-overall (see _provenance; CR-007 PR 7)"}},{"type":"Feature","geometry":{"type":"Polygon","coordinates":[[[122.515214,10.660395],[122.519714,10.660395],[122.519714,10.664895],[122.515214,10.664895],[122.515214,10.660395]]]},"properties":{"confidence":"M","basis":"M-overall (see _provenance; CR-007 PR 7)"}},{"type":"Feature","geometry":{"type":"Polygon","coordinates":[[[122.515214,10.664895],[122.519714,10.664895],[122.519714,10.669395],[122.515214,10.669395],[122.515214,10.664895]]]},"properties":{"confidence":"M","basis":"M-overall (see _provenance; CR-007 PR 7)"}},{"type":"Feature","geometry":{"type":"Polygon","coordinates":[[[122.515214,10.669395],[122.519714,10.669395],[122.519714,10.673895],[122.515214,10.673895],[122.515214,10.669395]]]},"properties":{"confidence":"M","basis":"M-overall (see _provenance; CR-007 PR 7)"}},{"type":"Feature","geometry":{"type":"Polygon","coordinates":[[[122.515214,10.673895],[122.519714,10.673895],[122.519714,10.678395],[122.515214,10.678395],[122.515214,10.673895]]]},"properties":{"confidence":"M","basis":"M-overall (see _provenance; CR-007 PR 7)"}},{"type":"Feature","geometry":{"type":"Polygon","coordinates":[[[122.515214,10.678395],[122.519714,10.678395],[122.519714,10.682895],[122.515214,10.682895],[122.515214,10.678395]]]},"properties":{"confidence":"M","basis":"M-overall (see _provenance; CR-007 PR 7)"}},{"type":"Feature","geometry":{"type":"Polygon","coordinates":[[[122.515214,10.682895],[122.519714,10.682895],[122.519714,10.687395],[122.515214,10.687395],[122.515214,10.682895]]]},"properties":{"confidence":"M","basis":"M-overall (see _provenance; CR-007 PR 7)"}},{"type":"Feature","geometry":{"type":"Polygon","coordinates":[[[122.515214,10.687395],[122.519714,10.687395],[122.519714,10.691895],[122.515214,10.691895],[122.515214,10.687395]]]},"properties":{"confidence":"M","basis":"M-overall (see _provenance; CR-007 PR 7)"}},{"type":"Feature","geometry":{"type":"Polygon","coordinates":[[[122.515214,10.691895],[122.519714,10.691895],[122.519714,10.696395],[122.515214,10.696395],[122.515214,10.691895]]]},"properties":{"confidence":"M","basis":"M-overall (see _provenance; CR-007 PR 7)"}},{"type":"Feature","geometry":{"type":"Polygon","coordinates":[[[122.515214,10.696395],[122.519714,10.696395],[122.519714,10.700895],[122.515214,10.700895],[122.515214,10.696395]]]},"properties":{"confidence":"M","basis":"M-overall (see _provenance; CR-007 PR 7)"}},{"type":"Feature","geometry":{"type":"Polygon","coordinates":[[[122.515214,10.700895],[122.519714,10.700895],[122.519714,10.705395],[122.515214,10.705395],[122.515214,10.700895]]]},"properties":{"confidence":"M","basis":"M-overall (see _provenance; CR-007 PR 7)"}},{"type":"Feature","geometry":{"type":"Polygon","coordinates":[[[122.515214,10.705395],[122.519714,10.705395],[122.519714,10.709895],[122.515214,10.709895],[122.515214,10.705395]]]},"properties":{"confidence":"M","basis":"M-overall (see _provenance; CR-007 PR 7)"}},{"type":"Feature","geometry":{"type":"Polygon","coordinates":[[[122.515214,10.709895],[122.519714,10.709895],[122.519714,10.714395],[122.515214,10.714395],[122.515214,10.709895]]]},"properties":{"confidence":"M","basis":"M-overall (see _provenance; CR-007 PR 7)"}},{"type":"Feature","geometry":{"type":"Polygon","coordinates":[[[122.515214,10.714395],[122.519714,10.714395],[122.519714,10.718895],[122.515214,10.718895],[122.515214,10.714395]]]},"properties":{"confidence":"M","basis":"M-overall (see _provenance; CR-007 PR 7)"}},{"type":"Feature","geometry":{"type":"Polygon","coordinates":[[[122.515214,10.718895],[122.519714,10.718895],[122.519714,10.723395],[122.515214,10.723395],[122.515214,10.718895]]]},"properties":{"confidence":"M","basis":"M-overall (see _provenance; CR-007 PR 7)"}},{"type":"Feature","geometry":{"type":"Polygon","coordinates":[[[122.515214,10.723395],[122.519714,10.723395],[122.519714,10.727895],[122.515214,10.727895],[122.515214,10.723395]]]},"properties":{"confidence":"M","basis":"M-overall (see _provenance; CR-007 PR 7)"}},{"type":"Feature","geometry":{"type":"Polygon","coordinates":[[[122.515214,10.727895],[122.519714,10.727895],[122.519714,10.732395],[122.515214,10.732395],[122.515214,10.727895]]]},"properties":{"confidence":"M","basis":"M-overall (see _provenance; CR-007 PR 7)"}},{"type":"Feature","geometry":{"type":"Polygon","coordinates":[[[122.515214,10.732395],[122.519714,10.732395],[122.519714,10.736895],[122.515214,10.736895],[122.515214,10.732395]]]},"properties":{"confidence":"M","basis":"M-overall (see _provenance; CR-007 PR 7)"}},{"type":"Feature","geometry":{"type":"Polygon","coordinates":[[[122.515214,10.736895],[122.519714,10.736895],[122.519714,10.741395],[122.515214,10.741395],[122.515214,10.736895]]]},"properties":{"confidence":"M","basis":"M-overall (see _provenance; CR-007 PR 7)"}},{"type":"Feature","geometry":{"type":"Polygon","coordinates":[[[122.515214,10.741395],[122.519714,10.741395],[122.519714,10.745895],[122.515214,10.745895],[122.515214,10.741395]]]},"properties":{"confidence":"M","basis":"M-overall (see _provenance; CR-007 PR 7)"}},{"type":"Feature","geometry":{"type":"Polygon","coordinates":[[[122.515214,10.745895],[122.519714,10.745895],[122.519714,10.750395],[122.515214,10.750395],[122.515214,10.745895]]]},"properties":{"confidence":"M","basis":"M-overall (see _provenance; CR-007 PR 7)"}},{"type":"Feature","geometry":{"type":"Polygon","coordinates":[[[122.515214,10.750395],[122.519714,10.750395],[122.519714,10.754895],[122.515214,10.754895],[122.515214,10.750395]]]},"properties":{"confidence":"M","basis":"M-overall (see _provenance; CR-007 PR 7)"}},{"type":"Feature","geometry":{"type":"Polygon","coordinates":[[[122.515214,10.754895],[122.519714,10.754895],[122.519714,10.759395],[122.515214,10.759395],[122.515214,10.754895]]]},"properties":{"confidence":"M","basis":"M-overall (see _provenance; CR-007 PR 7)"}},{"type":"Feature","geometry":{"type":"Polygon","coordinates":[[[122.515214,10.759395],[122.519714,10.759395],[122.519714,10.763895],[122.515214,10.763895],[122.515214,10.759395]]]},"properties":{"confidence":"M","basis":"M-overall (see _provenance; CR-007 PR 7)"}},{"type":"Feature","geometry":{"type":"Polygon","coordinates":[[[122.515214,10.763895],[122.519714,10.763895],[122.519714,10.768395],[122.515214,10.768395],[122.515214,10.763895]]]},"properties":{"confidence":"M","basis":"M-overall (see _provenance; CR-007 PR 7)"}},{"type":"Feature","geometry":{"type":"Polygon","coordinates":[[[122.515214,10.768395],[122.519714,10.768395],[122.519714,10.772895],[122.515214,10.772895],[122.515214,10.768395]]]},"properties":{"confidence":"M","basis":"M-overall (see _provenance; CR-007 PR 7)"}},{"type":"Feature","geometry":{"type":"Polygon","coordinates":[[[122.515214,10.772895],[122.519714,10.772895],[122.519714,10.777395],[122.515214,10.777395],[122.515214,10.772895]]]},"properties":{"confidence":"M","basis":"M-overall (see _provenance; CR-007 PR 7)"}},{"type":"Feature","geometry":{"type":"Polygon","coordinates":[[[122.515214,10.777395],[122.519714,10.777395],[122.519714,10.781895],[122.515214,10.781895],[122.515214,10.777395]]]},"properties":{"confidence":"M","basis":"M-overall (see _provenance; CR-007 PR 7)"}},{"type":"Feature","geometry":{"type":"Polygon","coordinates":[[[122.515214,10.781895],[122.519714,10.781895],[122.519714,10.786395],[122.515214,10.786395],[122.515214,10.781895]]]},"properties":{"confidence":"M","basis":"M-overall (see _provenance; CR-007 PR 7)"}},{"type":"Feature","geometry":{"type":"Polygon","coordinates":[[[122.515214,10.786395],[122.519714,10.786395],[122.519714,10.790895],[122.515214,10.790895],[122.515214,10.786395]]]},"properties":{"confidence":"M","basis":"M-overall (see _provenance; CR-007 PR 7)"}},{"type":"Feature","geometry":{"type":"Polygon","coordinates":[[[122.515214,10.790895],[122.519714,10.790895],[122.519714,10.795395],[122.515214,10.795395],[122.515214,10.790895]]]},"properties":{"confidence":"M","basis":"M-overall (see _provenance; CR-007 PR 7)"}},{"type":"Feature","geometry":{"type":"Polygon","coordinates":[[[122.515214,10.795395],[122.519714,10.795395],[122.519714,10.799895],[122.515214,10.799895],[122.515214,10.795395]]]},"properties":{"confidence":"M","basis":"M-overall (see _provenance; CR-007 PR 7)"}},{"type":"Feature","geometry":{"type":"Polygon","coordinates":[[[122.515214,10.799895],[122.519714,10.799895],[122.519714,10.804395],[122.515214,10.804395],[122.515214,10.799895]]]},"properties":{"confidence":"M","basis":"M-overall (see _provenance; CR-007 PR 7)"}},{"type":"Feature","geometry":{"type":"Polygon","coordinates":[[[122.515214,10.804395],[122.519714,10.804395],[122.519714,10.808895],[122.515214,10.808895],[122.515214,10.804395]]]},"properties":{"confidence":"M","basis":"M-overall (see _provenance; CR-007 PR 7)"}},{"type":"Feature","geometry":{"type":"Polygon","coordinates":[[[122.515214,10.808895],[122.519714,10.808895],[122.519714,10.812253495426909],[122.515214,10.812253495426909],[122.515214,10.808895]]]},"properties":{"confidence":"M","basis":"M-overall (see _provenance; CR-007 PR 7)"}},{"type":"Feature","geometry":{"type":"Polygon","coordinates":[[[122.519714,10.637895],[122.524214,10.637895],[122.524214,10.642395],[122.519714,10.642395],[122.519714,10.637895]]]},"properties":{"confidence":"M","basis":"M-overall (see _provenance; CR-007 PR 7)"}},{"type":"Feature","geometry":{"type":"Polygon","coordinates":[[[122.519714,10.642395],[122.524214,10.642395],[122.524214,10.646895],[122.519714,10.646895],[122.519714,10.642395]]]},"properties":{"confidence":"M","basis":"M-overall (see _provenance; CR-007 PR 7)"}},{"type":"Feature","geometry":{"type":"Polygon","coordinates":[[[122.519714,10.646895],[122.524214,10.646895],[122.524214,10.651395],[122.519714,10.651395],[122.519714,10.646895]]]},"properties":{"confidence":"M","basis":"M-overall (see _provenance; CR-007 PR 7)"}},{"type":"Feature","geometry":{"type":"Polygon","coordinates":[[[122.519714,10.651395],[122.524214,10.651395],[122.524214,10.655895],[122.519714,10.655895],[122.519714,10.651395]]]},"properties":{"confidence":"M","basis":"M-overall (see _provenance; CR-007 PR 7)"}},{"type":"Feature","geometry":{"type":"Polygon","coordinates":[[[122.519714,10.655895],[122.524214,10.655895],[122.524214,10.660395],[122.519714,10.660395],[122.519714,10.655895]]]},"properties":{"confidence":"M","basis":"M-overall (see _provenance; CR-007 PR 7)"}},{"type":"Feature","geometry":{"type":"Polygon","coordinates":[[[122.519714,10.660395],[122.524214,10.660395],[122.524214,10.664895],[122.519714,10.664895],[122.519714,10.660395]]]},"properties":{"confidence":"M","basis":"M-overall (see _provenance; CR-007 PR 7)"}},{"type":"Feature","geometry":{"type":"Polygon","coordinates":[[[122.519714,10.664895],[122.524214,10.664895],[122.524214,10.669395],[122.519714,10.669395],[122.519714,10.664895]]]},"properties":{"confidence":"M","basis":"M-overall (see _provenance; CR-007 PR 7)"}},{"type":"Feature","geometry":{"type":"Polygon","coordinates":[[[122.519714,10.669395],[122.524214,10.669395],[122.524214,10.673895],[122.519714,10.673895],[122.519714,10.669395]]]},"properties":{"confidence":"M","basis":"M-overall (see _provenance; CR-007 PR 7)"}},{"type":"Feature","geometry":{"type":"Polygon","coordinates":[[[122.519714,10.673895],[122.524214,10.673895],[122.524214,10.678395],[122.519714,10.678395],[122.519714,10.673895]]]},"properties":{"confidence":"M","basis":"M-overall (see _provenance; CR-007 PR 7)"}},{"type":"Feature","geometry":{"type":"Polygon","coordinates":[[[122.519714,10.678395],[122.524214,10.678395],[122.524214,10.682895],[122.519714,10.682895],[122.519714,10.678395]]]},"properties":{"confidence":"M","basis":"M-overall (see _provenance; CR-007 PR 7)"}},{"type":"Feature","geometry":{"type":"Polygon","coordinates":[[[122.519714,10.682895],[122.524214,10.682895],[122.524214,10.687395],[122.519714,10.687395],[122.519714,10.682895]]]},"properties":{"confidence":"M","basis":"M-overall (see _provenance; CR-007 PR 7)"}},{"type":"Feature","geometry":{"type":"Polygon","coordinates":[[[122.519714,10.687395],[122.524214,10.687395],[122.524214,10.691895],[122.519714,10.691895],[122.519714,10.687395]]]},"properties":{"confidence":"M","basis":"M-overall (see _provenance; CR-007 PR 7)"}},{"type":"Feature","geometry":{"type":"Polygon","coordinates":[[[122.519714,10.691895],[122.524214,10.691895],[122.524214,10.696395],[122.519714,10.696395],[122.519714,10.691895]]]},"properties":{"confidence":"M","basis":"M-overall (see _provenance; CR-007 PR 7)"}},{"type":"Feature","geometry":{"type":"Polygon","coordinates":[[[122.519714,10.696395],[122.524214,10.696395],[122.524214,10.700895],[122.519714,10.700895],[122.519714,10.696395]]]},"properties":{"confidence":"M","basis":"M-overall (see _provenance; CR-007 PR 7)"}},{"type":"Feature","geometry":{"type":"Polygon","coordinates":[[[122.519714,10.700895],[122.524214,10.700895],[122.524214,10.705395],[122.519714,10.705395],[122.519714,10.700895]]]},"properties":{"confidence":"M","basis":"M-overall (see _provenance; CR-007 PR 7)"}},{"type":"Feature","geometry":{"type":"Polygon","coordinates":[[[122.519714,10.705395],[122.524214,10.705395],[122.524214,10.709895],[122.519714,10.709895],[122.519714,10.705395]]]},"properties":{"confidence":"M","basis":"M-overall (see _provenance; CR-007 PR 7)"}},{"type":"Feature","geometry":{"type":"Polygon","coordinates":[[[122.519714,10.709895],[122.524214,10.709895],[122.524214,10.714395],[122.519714,10.714395],[122.519714,10.709895]]]},"properties":{"confidence":"M","basis":"M-overall (see _provenance; CR-007 PR 7)"}},{"type":"Feature","geometry":{"type":"Polygon","coordinates":[[[122.519714,10.714395],[122.524214,10.714395],[122.524214,10.718895],[122.519714,10.718895],[122.519714,10.714395]]]},"properties":{"confidence":"M","basis":"M-overall (see _provenance; CR-007 PR 7)"}},{"type":"Feature","geometry":{"type":"Polygon","coordinates":[[[122.519714,10.718895],[122.524214,10.718895],[122.524214,10.723395],[122.519714,10.723395],[122.519714,10.718895]]]},"properties":{"confidence":"M","basis":"M-overall (see _provenance; CR-007 PR 7)"}},{"type":"Feature","geometry":{"type":"Polygon","coordinates":[[[122.519714,10.723395],[122.524214,10.723395],[122.524214,10.727895],[122.519714,10.727895],[122.519714,10.723395]]]},"properties":{"confidence":"M","basis":"M-overall (see _provenance; CR-007 PR 7)"}},{"type":"Feature","geometry":{"type":"Polygon","coordinates":[[[122.519714,10.727895],[122.524214,10.727895],[122.524214,10.732395],[122.519714,10.732395],[122.519714,10.727895]]]},"properties":{"confidence":"M","basis":"M-overall (see _provenance; CR-007 PR 7)"}},{"type":"Feature","geometry":{"type":"Polygon","coordinates":[[[122.519714,10.732395],[122.524214,10.732395],[122.524214,10.736895],[122.519714,10.736895],[122.519714,10.732395]]]},"properties":{"confidence":"M","basis":"M-overall (see _provenance; CR-007 PR 7)"}},{"type":"Feature","geometry":{"type":"Polygon","coordinates":[[[122.519714,10.736895],[122.524214,10.736895],[122.524214,10.741395],[122.519714,10.741395],[122.519714,10.736895]]]},"properties":{"confidence":"M","basis":"M-overall (see _provenance; CR-007 PR 7)"}},{"type":"Feature","geometry":{"type":"Polygon","coordinates":[[[122.519714,10.741395],[122.524214,10.741395],[122.524214,10.745895],[122.519714,10.745895],[122.519714,10.741395]]]},"properties":{"confidence":"M","basis":"M-overall (see _provenance; CR-007 PR 7)"}},{"type":"Feature","geometry":{"type":"Polygon","coordinates":[[[122.519714,10.745895],[122.524214,10.745895],[122.524214,10.750395],[122.519714,10.750395],[122.519714,10.745895]]]},"properties":{"confidence":"M","basis":"M-overall (see _provenance; CR-007 PR 7)"}},{"type":"Feature","geometry":{"type":"Polygon","coordinates":[[[122.519714,10.750395],[122.524214,10.750395],[122.524214,10.754895],[122.519714,10.754895],[122.519714,10.750395]]]},"properties":{"confidence":"M","basis":"M-overall (see _provenance; CR-007 PR 7)"}},{"type":"Feature","geometry":{"type":"Polygon","coordinates":[[[122.519714,10.754895],[122.524214,10.754895],[122.524214,10.759395],[122.519714,10.759395],[122.519714,10.754895]]]},"properties":{"confidence":"M","basis":"M-overall (see _provenance; CR-007 PR 7)"}},{"type":"Feature","geometry":{"type":"Polygon","coordinates":[[[122.519714,10.759395],[122.524214,10.759395],[122.524214,10.763895],[122.519714,10.763895],[122.519714,10.759395]]]},"properties":{"confidence":"M","basis":"M-overall (see _provenance; CR-007 PR 7)"}},{"type":"Feature","geometry":{"type":"Polygon","coordinates":[[[122.519714,10.763895],[122.524214,10.763895],[122.524214,10.768395],[122.519714,10.768395],[122.519714,10.763895]]]},"properties":{"confidence":"M","basis":"M-overall (see _provenance; CR-007 PR 7)"}},{"type":"Feature","geometry":{"type":"Polygon","coordinates":[[[122.519714,10.768395],[122.524214,10.768395],[122.524214,10.772895],[122.519714,10.772895],[122.519714,10.768395]]]},"properties":{"confidence":"M","basis":"M-overall (see _provenance; CR-007 PR 7)"}},{"type":"Feature","geometry":{"type":"Polygon","coordinates":[[[122.519714,10.772895],[122.524214,10.772895],[122.524214,10.777395],[122.519714,10.777395],[122.519714,10.772895]]]},"properties":{"confidence":"M","basis":"M-overall (see _provenance; CR-007 PR 7)"}},{"type":"Feature","geometry":{"type":"Polygon","coordinates":[[[122.519714,10.777395],[122.524214,10.777395],[122.524214,10.781895],[122.519714,10.781895],[122.519714,10.777395]]]},"properties":{"confidence":"M","basis":"M-overall (see _provenance; CR-007 PR 7)"}},{"type":"Feature","geometry":{"type":"Polygon","coordinates":[[[122.519714,10.781895],[122.524214,10.781895],[122.524214,10.786395],[122.519714,10.786395],[122.519714,10.781895]]]},"properties":{"confidence":"M","basis":"M-overall (see _provenance; CR-007 PR 7)"}},{"type":"Feature","geometry":{"type":"Polygon","coordinates":[[[122.519714,10.786395],[122.524214,10.786395],[122.524214,10.790895],[122.519714,10.790895],[122.519714,10.786395]]]},"properties":{"confidence":"M","basis":"M-overall (see _provenance; CR-007 PR 7)"}},{"type":"Feature","geometry":{"type":"Polygon","coordinates":[[[122.519714,10.790895],[122.524214,10.790895],[122.524214,10.795395],[122.519714,10.795395],[122.519714,10.790895]]]},"properties":{"confidence":"M","basis":"M-overall (see _provenance; CR-007 PR 7)"}},{"type":"Feature","geometry":{"type":"Polygon","coordinates":[[[122.519714,10.795395],[122.524214,10.795395],[122.524214,10.799895],[122.519714,10.799895],[122.519714,10.795395]]]},"properties":{"confidence":"M","basis":"M-overall (see _provenance; CR-007 PR 7)"}},{"type":"Feature","geometry":{"type":"Polygon","coordinates":[[[122.519714,10.799895],[122.524214,10.799895],[122.524214,10.804395],[122.519714,10.804395],[122.519714,10.799895]]]},"properties":{"confidence":"M","basis":"M-overall (see _provenance; CR-007 PR 7)"}},{"type":"Feature","geometry":{"type":"Polygon","coordinates":[[[122.519714,10.804395],[122.524214,10.804395],[122.524214,10.808895],[122.519714,10.808895],[122.519714,10.804395]]]},"properties":{"confidence":"M","basis":"M-overall (see _provenance; CR-007 PR 7)"}},{"type":"Feature","geometry":{"type":"Polygon","coordinates":[[[122.519714,10.808895],[122.524214,10.808895],[122.524214,10.812253495426909],[122.519714,10.812253495426909],[122.519714,10.808895]]]},"properties":{"confidence":"M","basis":"M-overall (see _provenance; CR-007 PR 7)"}},{"type":"Feature","geometry":{"type":"Polygon","coordinates":[[[122.524214,10.637895],[122.528714,10.637895],[122.528714,10.642395],[122.524214,10.642395],[122.524214,10.637895]]]},"properties":{"confidence":"M","basis":"M-overall (see _provenance; CR-007 PR 7)"}},{"type":"Feature","geometry":{"type":"Polygon","coordinates":[[[122.524214,10.642395],[122.528714,10.642395],[122.528714,10.646895],[122.524214,10.646895],[122.524214,10.642395]]]},"properties":{"confidence":"M","basis":"M-overall (see _provenance; CR-007 PR 7)"}},{"type":"Feature","geometry":{"type":"Polygon","coordinates":[[[122.524214,10.646895],[122.528714,10.646895],[122.528714,10.651395],[122.524214,10.651395],[122.524214,10.646895]]]},"properties":{"confidence":"M","basis":"M-overall (see _provenance; CR-007 PR 7)"}},{"type":"Feature","geometry":{"type":"Polygon","coordinates":[[[122.524214,10.651395],[122.528714,10.651395],[122.528714,10.655895],[122.524214,10.655895],[122.524214,10.651395]]]},"properties":{"confidence":"M","basis":"M-overall (see _provenance; CR-007 PR 7)"}},{"type":"Feature","geometry":{"type":"Polygon","coordinates":[[[122.524214,10.655895],[122.528714,10.655895],[122.528714,10.660395],[122.524214,10.660395],[122.524214,10.655895]]]},"properties":{"confidence":"M","basis":"M-overall (see _provenance; CR-007 PR 7)"}},{"type":"Feature","geometry":{"type":"Polygon","coordinates":[[[122.524214,10.660395],[122.528714,10.660395],[122.528714,10.664895],[122.524214,10.664895],[122.524214,10.660395]]]},"properties":{"confidence":"M","basis":"M-overall (see _provenance; CR-007 PR 7)"}},{"type":"Feature","geometry":{"type":"Polygon","coordinates":[[[122.524214,10.664895],[122.528714,10.664895],[122.528714,10.669395],[122.524214,10.669395],[122.524214,10.664895]]]},"properties":{"confidence":"M","basis":"M-overall (see _provenance; CR-007 PR 7)"}},{"type":"Feature","geometry":{"type":"Polygon","coordinates":[[[122.524214,10.669395],[122.528714,10.669395],[122.528714,10.673895],[122.524214,10.673895],[122.524214,10.669395]]]},"properties":{"confidence":"M","basis":"M-overall (see _provenance; CR-007 PR 7)"}},{"type":"Feature","geometry":{"type":"Polygon","coordinates":[[[122.524214,10.673895],[122.528714,10.673895],[122.528714,10.678395],[122.524214,10.678395],[122.524214,10.673895]]]},"properties":{"confidence":"M","basis":"M-overall (see _provenance; CR-007 PR 7)"}},{"type":"Feature","geometry":{"type":"Polygon","coordinates":[[[122.524214,10.678395],[122.528714,10.678395],[122.528714,10.682895],[122.524214,10.682895],[122.524214,10.678395]]]},"properties":{"confidence":"M","basis":"M-overall (see _provenance; CR-007 PR 7)"}},{"type":"Feature","geometry":{"type":"Polygon","coordinates":[[[122.524214,10.682895],[122.528714,10.682895],[122.528714,10.687395],[122.524214,10.687395],[122.524214,10.682895]]]},"properties":{"confidence":"M","basis":"M-overall (see _provenance; CR-007 PR 7)"}},{"type":"Feature","geometry":{"type":"Polygon","coordinates":[[[122.524214,10.687395],[122.528714,10.687395],[122.528714,10.691895],[122.524214,10.691895],[122.524214,10.687395]]]},"properties":{"confidence":"M","basis":"M-overall (see _provenance; CR-007 PR 7)"}},{"type":"Feature","geometry":{"type":"Polygon","coordinates":[[[122.524214,10.691895],[122.528714,10.691895],[122.528714,10.696395],[122.524214,10.696395],[122.524214,10.691895]]]},"properties":{"confidence":"M","basis":"M-overall (see _provenance; CR-007 PR 7)"}},{"type":"Feature","geometry":{"type":"Polygon","coordinates":[[[122.524214,10.696395],[122.528714,10.696395],[122.528714,10.700895],[122.524214,10.700895],[122.524214,10.696395]]]},"properties":{"confidence":"M","basis":"M-overall (see _provenance; CR-007 PR 7)"}},{"type":"Feature","geometry":{"type":"Polygon","coordinates":[[[122.524214,10.700895],[122.528714,10.700895],[122.528714,10.705395],[122.524214,10.705395],[122.524214,10.700895]]]},"properties":{"confidence":"M","basis":"M-overall (see _provenance; CR-007 PR 7)"}},{"type":"Feature","geometry":{"type":"Polygon","coordinates":[[[122.524214,10.705395],[122.528714,10.705395],[122.528714,10.709895],[122.524214,10.709895],[122.524214,10.705395]]]},"properties":{"confidence":"M","basis":"M-overall (see _provenance; CR-007 PR 7)"}},{"type":"Feature","geometry":{"type":"Polygon","coordinates":[[[122.524214,10.709895],[122.528714,10.709895],[122.528714,10.714395],[122.524214,10.714395],[122.524214,10.709895]]]},"properties":{"confidence":"M","basis":"M-overall (see _provenance; CR-007 PR 7)"}},{"type":"Feature","geometry":{"type":"Polygon","coordinates":[[[122.524214,10.714395],[122.528714,10.714395],[122.528714,10.718895],[122.524214,10.718895],[122.524214,10.714395]]]},"properties":{"confidence":"M","basis":"M-overall (see _provenance; CR-007 PR 7)"}},{"type":"Feature","geometry":{"type":"Polygon","coordinates":[[[122.524214,10.718895],[122.528714,10.718895],[122.528714,10.723395],[122.524214,10.723395],[122.524214,10.718895]]]},"properties":{"confidence":"M","basis":"M-overall (see _provenance; CR-007 PR 7)"}},{"type":"Feature","geometry":{"type":"Polygon","coordinates":[[[122.524214,10.723395],[122.528714,10.723395],[122.528714,10.727895],[122.524214,10.727895],[122.524214,10.723395]]]},"properties":{"confidence":"M","basis":"M-overall (see _provenance; CR-007 PR 7)"}},{"type":"Feature","geometry":{"type":"Polygon","coordinates":[[[122.524214,10.727895],[122.528714,10.727895],[122.528714,10.732395],[122.524214,10.732395],[122.524214,10.727895]]]},"properties":{"confidence":"M","basis":"M-overall (see _provenance; CR-007 PR 7)"}},{"type":"Feature","geometry":{"type":"Polygon","coordinates":[[[122.524214,10.732395],[122.528714,10.732395],[122.528714,10.736895],[122.524214,10.736895],[122.524214,10.732395]]]},"properties":{"confidence":"M","basis":"M-overall (see _provenance; CR-007 PR 7)"}},{"type":"Feature","geometry":{"type":"Polygon","coordinates":[[[122.524214,10.736895],[122.528714,10.736895],[122.528714,10.741395],[122.524214,10.741395],[122.524214,10.736895]]]},"properties":{"confidence":"M","basis":"M-overall (see _provenance; CR-007 PR 7)"}},{"type":"Feature","geometry":{"type":"Polygon","coordinates":[[[122.524214,10.741395],[122.528714,10.741395],[122.528714,10.745895],[122.524214,10.745895],[122.524214,10.741395]]]},"properties":{"confidence":"M","basis":"M-overall (see _provenance; CR-007 PR 7)"}},{"type":"Feature","geometry":{"type":"Polygon","coordinates":[[[122.524214,10.745895],[122.528714,10.745895],[122.528714,10.750395],[122.524214,10.750395],[122.524214,10.745895]]]},"properties":{"confidence":"M","basis":"M-overall (see _provenance; CR-007 PR 7)"}},{"type":"Feature","geometry":{"type":"Polygon","coordinates":[[[122.524214,10.750395],[122.528714,10.750395],[122.528714,10.754895],[122.524214,10.754895],[122.524214,10.750395]]]},"properties":{"confidence":"M","basis":"M-overall (see _provenance; CR-007 PR 7)"}},{"type":"Feature","geometry":{"type":"Polygon","coordinates":[[[122.524214,10.754895],[122.528714,10.754895],[122.528714,10.759395],[122.524214,10.759395],[122.524214,10.754895]]]},"properties":{"confidence":"M","basis":"M-overall (see _provenance; CR-007 PR 7)"}},{"type":"Feature","geometry":{"type":"Polygon","coordinates":[[[122.524214,10.759395],[122.528714,10.759395],[122.528714,10.763895],[122.524214,10.763895],[122.524214,10.759395]]]},"properties":{"confidence":"M","basis":"M-overall (see _provenance; CR-007 PR 7)"}},{"type":"Feature","geometry":{"type":"Polygon","coordinates":[[[122.524214,10.763895],[122.528714,10.763895],[122.528714,10.768395],[122.524214,10.768395],[122.524214,10.763895]]]},"properties":{"confidence":"M","basis":"M-overall (see _provenance; CR-007 PR 7)"}},{"type":"Feature","geometry":{"type":"Polygon","coordinates":[[[122.524214,10.768395],[122.528714,10.768395],[122.528714,10.772895],[122.524214,10.772895],[122.524214,10.768395]]]},"properties":{"confidence":"M","basis":"M-overall (see _provenance; CR-007 PR 7)"}},{"type":"Feature","geometry":{"type":"Polygon","coordinates":[[[122.524214,10.772895],[122.528714,10.772895],[122.528714,10.777395],[122.524214,10.777395],[122.524214,10.772895]]]},"properties":{"confidence":"M","basis":"M-overall (see _provenance; CR-007 PR 7)"}},{"type":"Feature","geometry":{"type":"Polygon","coordinates":[[[122.524214,10.777395],[122.528714,10.777395],[122.528714,10.781895],[122.524214,10.781895],[122.524214,10.777395]]]},"properties":{"confidence":"M","basis":"M-overall (see _provenance; CR-007 PR 7)"}},{"type":"Feature","geometry":{"type":"Polygon","coordinates":[[[122.524214,10.781895],[122.528714,10.781895],[122.528714,10.786395],[122.524214,10.786395],[122.524214,10.781895]]]},"properties":{"confidence":"M","basis":"M-overall (see _provenance; CR-007 PR 7)"}},{"type":"Feature","geometry":{"type":"Polygon","coordinates":[[[122.524214,10.786395],[122.528714,10.786395],[122.528714,10.790895],[122.524214,10.790895],[122.524214,10.786395]]]},"properties":{"confidence":"M","basis":"M-overall (see _provenance; CR-007 PR 7)"}},{"type":"Feature","geometry":{"type":"Polygon","coordinates":[[[122.524214,10.790895],[122.528714,10.790895],[122.528714,10.795395],[122.524214,10.795395],[122.524214,10.790895]]]},"properties":{"confidence":"M","basis":"M-overall (see _provenance; CR-007 PR 7)"}},{"type":"Feature","geometry":{"type":"Polygon","coordinates":[[[122.524214,10.795395],[122.528714,10.795395],[122.528714,10.799895],[122.524214,10.799895],[122.524214,10.795395]]]},"properties":{"confidence":"M","basis":"M-overall (see _provenance; CR-007 PR 7)"}},{"type":"Feature","geometry":{"type":"Polygon","coordinates":[[[122.524214,10.799895],[122.528714,10.799895],[122.528714,10.804395],[122.524214,10.804395],[122.524214,10.799895]]]},"properties":{"confidence":"M","basis":"M-overall (see _provenance; CR-007 PR 7)"}},{"type":"Feature","geometry":{"type":"Polygon","coordinates":[[[122.524214,10.804395],[122.528714,10.804395],[122.528714,10.808895],[122.524214,10.808895],[122.524214,10.804395]]]},"properties":{"confidence":"M","basis":"M-overall (see _provenance; CR-007 PR 7)"}},{"type":"Feature","geometry":{"type":"Polygon","coordinates":[[[122.524214,10.808895],[122.528714,10.808895],[122.528714,10.812253495426909],[122.524214,10.812253495426909],[122.524214,10.808895]]]},"properties":{"confidence":"M","basis":"M-overall (see _provenance; CR-007 PR 7)"}},{"type":"Feature","geometry":{"type":"Polygon","coordinates":[[[122.528714,10.637895],[122.533214,10.637895],[122.533214,10.642395],[122.528714,10.642395],[122.528714,10.637895]]]},"properties":{"confidence":"M","basis":"M-overall (see _provenance; CR-007 PR 7)"}},{"type":"Feature","geometry":{"type":"Polygon","coordinates":[[[122.528714,10.642395],[122.533214,10.642395],[122.533214,10.646895],[122.528714,10.646895],[122.528714,10.642395]]]},"properties":{"confidence":"M","basis":"M-overall (see _provenance; CR-007 PR 7)"}},{"type":"Feature","geometry":{"type":"Polygon","coordinates":[[[122.528714,10.646895],[122.533214,10.646895],[122.533214,10.651395],[122.528714,10.651395],[122.528714,10.646895]]]},"properties":{"confidence":"M","basis":"M-overall (see _provenance; CR-007 PR 7)"}},{"type":"Feature","geometry":{"type":"Polygon","coordinates":[[[122.528714,10.651395],[122.533214,10.651395],[122.533214,10.655895],[122.528714,10.655895],[122.528714,10.651395]]]},"properties":{"confidence":"M","basis":"M-overall (see _provenance; CR-007 PR 7)"}},{"type":"Feature","geometry":{"type":"Polygon","coordinates":[[[122.528714,10.655895],[122.533214,10.655895],[122.533214,10.660395],[122.528714,10.660395],[122.528714,10.655895]]]},"properties":{"confidence":"M","basis":"M-overall (see _provenance; CR-007 PR 7)"}},{"type":"Feature","geometry":{"type":"Polygon","coordinates":[[[122.528714,10.660395],[122.533214,10.660395],[122.533214,10.664895],[122.528714,10.664895],[122.528714,10.660395]]]},"properties":{"confidence":"M","basis":"M-overall (see _provenance; CR-007 PR 7)"}},{"type":"Feature","geometry":{"type":"Polygon","coordinates":[[[122.528714,10.664895],[122.533214,10.664895],[122.533214,10.669395],[122.528714,10.669395],[122.528714,10.664895]]]},"properties":{"confidence":"M","basis":"M-overall (see _provenance; CR-007 PR 7)"}},{"type":"Feature","geometry":{"type":"Polygon","coordinates":[[[122.528714,10.669395],[122.533214,10.669395],[122.533214,10.673895],[122.528714,10.673895],[122.528714,10.669395]]]},"properties":{"confidence":"M","basis":"M-overall (see _provenance; CR-007 PR 7)"}},{"type":"Feature","geometry":{"type":"Polygon","coordinates":[[[122.528714,10.673895],[122.533214,10.673895],[122.533214,10.678395],[122.528714,10.678395],[122.528714,10.673895]]]},"properties":{"confidence":"M","basis":"M-overall (see _provenance; CR-007 PR 7)"}},{"type":"Feature","geometry":{"type":"Polygon","coordinates":[[[122.528714,10.678395],[122.533214,10.678395],[122.533214,10.682895],[122.528714,10.682895],[122.528714,10.678395]]]},"properties":{"confidence":"M","basis":"M-overall (see _provenance; CR-007 PR 7)"}},{"type":"Feature","geometry":{"type":"Polygon","coordinates":[[[122.528714,10.682895],[122.533214,10.682895],[122.533214,10.687395],[122.528714,10.687395],[122.528714,10.682895]]]},"properties":{"confidence":"M","basis":"M-overall (see _provenance; CR-007 PR 7)"}},{"type":"Feature","geometry":{"type":"Polygon","coordinates":[[[122.528714,10.687395],[122.533214,10.687395],[122.533214,10.691895],[122.528714,10.691895],[122.528714,10.687395]]]},"properties":{"confidence":"M","basis":"M-overall (see _provenance; CR-007 PR 7)"}},{"type":"Feature","geometry":{"type":"Polygon","coordinates":[[[122.528714,10.691895],[122.533214,10.691895],[122.533214,10.696395],[122.528714,10.696395],[122.528714,10.691895]]]},"properties":{"confidence":"M","basis":"M-overall (see _provenance; CR-007 PR 7)"}},{"type":"Feature","geometry":{"type":"Polygon","coordinates":[[[122.528714,10.696395],[122.533214,10.696395],[122.533214,10.700895],[122.528714,10.700895],[122.528714,10.696395]]]},"properties":{"confidence":"M","basis":"M-overall (see _provenance; CR-007 PR 7)"}},{"type":"Feature","geometry":{"type":"Polygon","coordinates":[[[122.528714,10.700895],[122.533214,10.700895],[122.533214,10.705395],[122.528714,10.705395],[122.528714,10.700895]]]},"properties":{"confidence":"M","basis":"M-overall (see _provenance; CR-007 PR 7)"}},{"type":"Feature","geometry":{"type":"Polygon","coordinates":[[[122.528714,10.705395],[122.533214,10.705395],[122.533214,10.709895],[122.528714,10.709895],[122.528714,10.705395]]]},"properties":{"confidence":"M","basis":"M-overall (see _provenance; CR-007 PR 7)"}},{"type":"Feature","geometry":{"type":"Polygon","coordinates":[[[122.528714,10.709895],[122.533214,10.709895],[122.533214,10.714395],[122.528714,10.714395],[122.528714,10.709895]]]},"properties":{"confidence":"M","basis":"M-overall (see _provenance; CR-007 PR 7)"}},{"type":"Feature","geometry":{"type":"Polygon","coordinates":[[[122.528714,10.714395],[122.533214,10.714395],[122.533214,10.718895],[122.528714,10.718895],[122.528714,10.714395]]]},"properties":{"confidence":"M","basis":"M-overall (see _provenance; CR-007 PR 7)"}},{"type":"Feature","geometry":{"type":"Polygon","coordinates":[[[122.528714,10.718895],[122.533214,10.718895],[122.533214,10.723395],[122.528714,10.723395],[122.528714,10.718895]]]},"properties":{"confidence":"M","basis":"M-overall (see _provenance; CR-007 PR 7)"}},{"type":"Feature","geometry":{"type":"Polygon","coordinates":[[[122.528714,10.723395],[122.533214,10.723395],[122.533214,10.727895],[122.528714,10.727895],[122.528714,10.723395]]]},"properties":{"confidence":"M","basis":"M-overall (see _provenance; CR-007 PR 7)"}},{"type":"Feature","geometry":{"type":"Polygon","coordinates":[[[122.528714,10.727895],[122.533214,10.727895],[122.533214,10.732395],[122.528714,10.732395],[122.528714,10.727895]]]},"properties":{"confidence":"M","basis":"M-overall (see _provenance; CR-007 PR 7)"}},{"type":"Feature","geometry":{"type":"Polygon","coordinates":[[[122.528714,10.732395],[122.533214,10.732395],[122.533214,10.736895],[122.528714,10.736895],[122.528714,10.732395]]]},"properties":{"confidence":"M","basis":"M-overall (see _provenance; CR-007 PR 7)"}},{"type":"Feature","geometry":{"type":"Polygon","coordinates":[[[122.528714,10.736895],[122.533214,10.736895],[122.533214,10.741395],[122.528714,10.741395],[122.528714,10.736895]]]},"properties":{"confidence":"M","basis":"M-overall (see _provenance; CR-007 PR 7)"}},{"type":"Feature","geometry":{"type":"Polygon","coordinates":[[[122.528714,10.741395],[122.533214,10.741395],[122.533214,10.745895],[122.528714,10.745895],[122.528714,10.741395]]]},"properties":{"confidence":"M","basis":"M-overall (see _provenance; CR-007 PR 7)"}},{"type":"Feature","geometry":{"type":"Polygon","coordinates":[[[122.528714,10.745895],[122.533214,10.745895],[122.533214,10.750395],[122.528714,10.750395],[122.528714,10.745895]]]},"properties":{"confidence":"M","basis":"M-overall (see _provenance; CR-007 PR 7)"}},{"type":"Feature","geometry":{"type":"Polygon","coordinates":[[[122.528714,10.750395],[122.533214,10.750395],[122.533214,10.754895],[122.528714,10.754895],[122.528714,10.750395]]]},"properties":{"confidence":"M","basis":"M-overall (see _provenance; CR-007 PR 7)"}},{"type":"Feature","geometry":{"type":"Polygon","coordinates":[[[122.528714,10.754895],[122.533214,10.754895],[122.533214,10.759395],[122.528714,10.759395],[122.528714,10.754895]]]},"properties":{"confidence":"M","basis":"M-overall (see _provenance; CR-007 PR 7)"}},{"type":"Feature","geometry":{"type":"Polygon","coordinates":[[[122.528714,10.759395],[122.533214,10.759395],[122.533214,10.763895],[122.528714,10.763895],[122.528714,10.759395]]]},"properties":{"confidence":"M","basis":"M-overall (see _provenance; CR-007 PR 7)"}},{"type":"Feature","geometry":{"type":"Polygon","coordinates":[[[122.528714,10.763895],[122.533214,10.763895],[122.533214,10.768395],[122.528714,10.768395],[122.528714,10.763895]]]},"properties":{"confidence":"M","basis":"M-overall (see _provenance; CR-007 PR 7)"}},{"type":"Feature","geometry":{"type":"Polygon","coordinates":[[[122.528714,10.768395],[122.533214,10.768395],[122.533214,10.772895],[122.528714,10.772895],[122.528714,10.768395]]]},"properties":{"confidence":"M","basis":"M-overall (see _provenance; CR-007 PR 7)"}},{"type":"Feature","geometry":{"type":"Polygon","coordinates":[[[122.528714,10.772895],[122.533214,10.772895],[122.533214,10.777395],[122.528714,10.777395],[122.528714,10.772895]]]},"properties":{"confidence":"M","basis":"M-overall (see _provenance; CR-007 PR 7)"}},{"type":"Feature","geometry":{"type":"Polygon","coordinates":[[[122.528714,10.777395],[122.533214,10.777395],[122.533214,10.781895],[122.528714,10.781895],[122.528714,10.777395]]]},"properties":{"confidence":"M","basis":"M-overall (see _provenance; CR-007 PR 7)"}},{"type":"Feature","geometry":{"type":"Polygon","coordinates":[[[122.528714,10.781895],[122.533214,10.781895],[122.533214,10.786395],[122.528714,10.786395],[122.528714,10.781895]]]},"properties":{"confidence":"M","basis":"M-overall (see _provenance; CR-007 PR 7)"}},{"type":"Feature","geometry":{"type":"Polygon","coordinates":[[[122.528714,10.786395],[122.533214,10.786395],[122.533214,10.790895],[122.528714,10.790895],[122.528714,10.786395]]]},"properties":{"confidence":"M","basis":"M-overall (see _provenance; CR-007 PR 7)"}},{"type":"Feature","geometry":{"type":"Polygon","coordinates":[[[122.528714,10.790895],[122.533214,10.790895],[122.533214,10.795395],[122.528714,10.795395],[122.528714,10.790895]]]},"properties":{"confidence":"M","basis":"M-overall (see _provenance; CR-007 PR 7)"}},{"type":"Feature","geometry":{"type":"Polygon","coordinates":[[[122.528714,10.795395],[122.533214,10.795395],[122.533214,10.799895],[122.528714,10.799895],[122.528714,10.795395]]]},"properties":{"confidence":"M","basis":"M-overall (see _provenance; CR-007 PR 7)"}},{"type":"Feature","geometry":{"type":"Polygon","coordinates":[[[122.528714,10.799895],[122.533214,10.799895],[122.533214,10.804395],[122.528714,10.804395],[122.528714,10.799895]]]},"properties":{"confidence":"M","basis":"M-overall (see _provenance; CR-007 PR 7)"}},{"type":"Feature","geometry":{"type":"Polygon","coordinates":[[[122.528714,10.804395],[122.533214,10.804395],[122.533214,10.808895],[122.528714,10.808895],[122.528714,10.804395]]]},"properties":{"confidence":"M","basis":"M-overall (see _provenance; CR-007 PR 7)"}},{"type":"Feature","geometry":{"type":"Polygon","coordinates":[[[122.528714,10.808895],[122.533214,10.808895],[122.533214,10.812253495426909],[122.528714,10.812253495426909],[122.528714,10.808895]]]},"properties":{"confidence":"M","basis":"M-overall (see _provenance; CR-007 PR 7)"}},{"type":"Feature","geometry":{"type":"Polygon","coordinates":[[[122.533214,10.637895],[122.537714,10.637895],[122.537714,10.642395],[122.533214,10.642395],[122.533214,10.637895]]]},"properties":{"confidence":"M","basis":"M-overall (see _provenance; CR-007 PR 7)"}},{"type":"Feature","geometry":{"type":"Polygon","coordinates":[[[122.533214,10.642395],[122.537714,10.642395],[122.537714,10.646895],[122.533214,10.646895],[122.533214,10.642395]]]},"properties":{"confidence":"M","basis":"M-overall (see _provenance; CR-007 PR 7)"}},{"type":"Feature","geometry":{"type":"Polygon","coordinates":[[[122.533214,10.646895],[122.537714,10.646895],[122.537714,10.651395],[122.533214,10.651395],[122.533214,10.646895]]]},"properties":{"confidence":"M","basis":"M-overall (see _provenance; CR-007 PR 7)"}},{"type":"Feature","geometry":{"type":"Polygon","coordinates":[[[122.533214,10.651395],[122.537714,10.651395],[122.537714,10.655895],[122.533214,10.655895],[122.533214,10.651395]]]},"properties":{"confidence":"M","basis":"M-overall (see _provenance; CR-007 PR 7)"}},{"type":"Feature","geometry":{"type":"Polygon","coordinates":[[[122.533214,10.655895],[122.537714,10.655895],[122.537714,10.660395],[122.533214,10.660395],[122.533214,10.655895]]]},"properties":{"confidence":"M","basis":"M-overall (see _provenance; CR-007 PR 7)"}},{"type":"Feature","geometry":{"type":"Polygon","coordinates":[[[122.533214,10.660395],[122.537714,10.660395],[122.537714,10.664895],[122.533214,10.664895],[122.533214,10.660395]]]},"properties":{"confidence":"M","basis":"M-overall (see _provenance; CR-007 PR 7)"}},{"type":"Feature","geometry":{"type":"Polygon","coordinates":[[[122.533214,10.664895],[122.537714,10.664895],[122.537714,10.669395],[122.533214,10.669395],[122.533214,10.664895]]]},"properties":{"confidence":"M","basis":"M-overall (see _provenance; CR-007 PR 7)"}},{"type":"Feature","geometry":{"type":"Polygon","coordinates":[[[122.533214,10.669395],[122.537714,10.669395],[122.537714,10.673895],[122.533214,10.673895],[122.533214,10.669395]]]},"properties":{"confidence":"M","basis":"M-overall (see _provenance; CR-007 PR 7)"}},{"type":"Feature","geometry":{"type":"Polygon","coordinates":[[[122.533214,10.673895],[122.537714,10.673895],[122.537714,10.678395],[122.533214,10.678395],[122.533214,10.673895]]]},"properties":{"confidence":"M","basis":"M-overall (see _provenance; CR-007 PR 7)"}},{"type":"Feature","geometry":{"type":"Polygon","coordinates":[[[122.533214,10.678395],[122.537714,10.678395],[122.537714,10.682895],[122.533214,10.682895],[122.533214,10.678395]]]},"properties":{"confidence":"M","basis":"M-overall (see _provenance; CR-007 PR 7)"}},{"type":"Feature","geometry":{"type":"Polygon","coordinates":[[[122.533214,10.682895],[122.537714,10.682895],[122.537714,10.687395],[122.533214,10.687395],[122.533214,10.682895]]]},"properties":{"confidence":"M","basis":"M-overall (see _provenance; CR-007 PR 7)"}},{"type":"Feature","geometry":{"type":"Polygon","coordinates":[[[122.533214,10.687395],[122.537714,10.687395],[122.537714,10.691895],[122.533214,10.691895],[122.533214,10.687395]]]},"properties":{"confidence":"M","basis":"M-overall (see _provenance; CR-007 PR 7)"}},{"type":"Feature","geometry":{"type":"Polygon","coordinates":[[[122.533214,10.691895],[122.537714,10.691895],[122.537714,10.696395],[122.533214,10.696395],[122.533214,10.691895]]]},"properties":{"confidence":"M","basis":"M-overall (see _provenance; CR-007 PR 7)"}},{"type":"Feature","geometry":{"type":"Polygon","coordinates":[[[122.533214,10.696395],[122.537714,10.696395],[122.537714,10.700895],[122.533214,10.700895],[122.533214,10.696395]]]},"properties":{"confidence":"M","basis":"M-overall (see _provenance; CR-007 PR 7)"}},{"type":"Feature","geometry":{"type":"Polygon","coordinates":[[[122.533214,10.700895],[122.537714,10.700895],[122.537714,10.705395],[122.533214,10.705395],[122.533214,10.700895]]]},"properties":{"confidence":"M","basis":"M-overall (see _provenance; CR-007 PR 7)"}},{"type":"Feature","geometry":{"type":"Polygon","coordinates":[[[122.533214,10.705395],[122.537714,10.705395],[122.537714,10.709895],[122.533214,10.709895],[122.533214,10.705395]]]},"properties":{"confidence":"M","basis":"M-overall (see _provenance; CR-007 PR 7)"}},{"type":"Feature","geometry":{"type":"Polygon","coordinates":[[[122.533214,10.709895],[122.537714,10.709895],[122.537714,10.714395],[122.533214,10.714395],[122.533214,10.709895]]]},"properties":{"confidence":"M","basis":"M-overall (see _provenance; CR-007 PR 7)"}},{"type":"Feature","geometry":{"type":"Polygon","coordinates":[[[122.533214,10.714395],[122.537714,10.714395],[122.537714,10.718895],[122.533214,10.718895],[122.533214,10.714395]]]},"properties":{"confidence":"M","basis":"M-overall (see _provenance; CR-007 PR 7)"}},{"type":"Feature","geometry":{"type":"Polygon","coordinates":[[[122.533214,10.718895],[122.537714,10.718895],[122.537714,10.723395],[122.533214,10.723395],[122.533214,10.718895]]]},"properties":{"confidence":"M","basis":"M-overall (see _provenance; CR-007 PR 7)"}},{"type":"Feature","geometry":{"type":"Polygon","coordinates":[[[122.533214,10.723395],[122.537714,10.723395],[122.537714,10.727895],[122.533214,10.727895],[122.533214,10.723395]]]},"properties":{"confidence":"M","basis":"M-overall (see _provenance; CR-007 PR 7)"}},{"type":"Feature","geometry":{"type":"Polygon","coordinates":[[[122.533214,10.727895],[122.537714,10.727895],[122.537714,10.732395],[122.533214,10.732395],[122.533214,10.727895]]]},"properties":{"confidence":"M","basis":"M-overall (see _provenance; CR-007 PR 7)"}},{"type":"Feature","geometry":{"type":"Polygon","coordinates":[[[122.533214,10.732395],[122.537714,10.732395],[122.537714,10.736895],[122.533214,10.736895],[122.533214,10.732395]]]},"properties":{"confidence":"M","basis":"M-overall (see _provenance; CR-007 PR 7)"}},{"type":"Feature","geometry":{"type":"Polygon","coordinates":[[[122.533214,10.736895],[122.537714,10.736895],[122.537714,10.741395],[122.533214,10.741395],[122.533214,10.736895]]]},"properties":{"confidence":"M","basis":"M-overall (see _provenance; CR-007 PR 7)"}},{"type":"Feature","geometry":{"type":"Polygon","coordinates":[[[122.533214,10.741395],[122.537714,10.741395],[122.537714,10.745895],[122.533214,10.745895],[122.533214,10.741395]]]},"properties":{"confidence":"M","basis":"M-overall (see _provenance; CR-007 PR 7)"}},{"type":"Feature","geometry":{"type":"Polygon","coordinates":[[[122.533214,10.745895],[122.537714,10.745895],[122.537714,10.750395],[122.533214,10.750395],[122.533214,10.745895]]]},"properties":{"confidence":"M","basis":"M-overall (see _provenance; CR-007 PR 7)"}},{"type":"Feature","geometry":{"type":"Polygon","coordinates":[[[122.533214,10.750395],[122.537714,10.750395],[122.537714,10.754895],[122.533214,10.754895],[122.533214,10.750395]]]},"properties":{"confidence":"M","basis":"M-overall (see _provenance; CR-007 PR 7)"}},{"type":"Feature","geometry":{"type":"Polygon","coordinates":[[[122.533214,10.754895],[122.537714,10.754895],[122.537714,10.759395],[122.533214,10.759395],[122.533214,10.754895]]]},"properties":{"confidence":"M","basis":"M-overall (see _provenance; CR-007 PR 7)"}},{"type":"Feature","geometry":{"type":"Polygon","coordinates":[[[122.533214,10.759395],[122.537714,10.759395],[122.537714,10.763895],[122.533214,10.763895],[122.533214,10.759395]]]},"properties":{"confidence":"M","basis":"M-overall (see _provenance; CR-007 PR 7)"}},{"type":"Feature","geometry":{"type":"Polygon","coordinates":[[[122.533214,10.763895],[122.537714,10.763895],[122.537714,10.768395],[122.533214,10.768395],[122.533214,10.763895]]]},"properties":{"confidence":"M","basis":"M-overall (see _provenance; CR-007 PR 7)"}},{"type":"Feature","geometry":{"type":"Polygon","coordinates":[[[122.533214,10.768395],[122.537714,10.768395],[122.537714,10.772895],[122.533214,10.772895],[122.533214,10.768395]]]},"properties":{"confidence":"M","basis":"M-overall (see _provenance; CR-007 PR 7)"}},{"type":"Feature","geometry":{"type":"Polygon","coordinates":[[[122.533214,10.772895],[122.537714,10.772895],[122.537714,10.777395],[122.533214,10.777395],[122.533214,10.772895]]]},"properties":{"confidence":"M","basis":"M-overall (see _provenance; CR-007 PR 7)"}},{"type":"Feature","geometry":{"type":"Polygon","coordinates":[[[122.533214,10.777395],[122.537714,10.777395],[122.537714,10.781895],[122.533214,10.781895],[122.533214,10.777395]]]},"properties":{"confidence":"M","basis":"M-overall (see _provenance; CR-007 PR 7)"}},{"type":"Feature","geometry":{"type":"Polygon","coordinates":[[[122.533214,10.781895],[122.537714,10.781895],[122.537714,10.786395],[122.533214,10.786395],[122.533214,10.781895]]]},"properties":{"confidence":"M","basis":"M-overall (see _provenance; CR-007 PR 7)"}},{"type":"Feature","geometry":{"type":"Polygon","coordinates":[[[122.533214,10.786395],[122.537714,10.786395],[122.537714,10.790895],[122.533214,10.790895],[122.533214,10.786395]]]},"properties":{"confidence":"M","basis":"M-overall (see _provenance; CR-007 PR 7)"}},{"type":"Feature","geometry":{"type":"Polygon","coordinates":[[[122.533214,10.790895],[122.537714,10.790895],[122.537714,10.795395],[122.533214,10.795395],[122.533214,10.790895]]]},"properties":{"confidence":"M","basis":"M-overall (see _provenance; CR-007 PR 7)"}},{"type":"Feature","geometry":{"type":"Polygon","coordinates":[[[122.533214,10.795395],[122.537714,10.795395],[122.537714,10.799895],[122.533214,10.799895],[122.533214,10.795395]]]},"properties":{"confidence":"M","basis":"M-overall (see _provenance; CR-007 PR 7)"}},{"type":"Feature","geometry":{"type":"Polygon","coordinates":[[[122.533214,10.799895],[122.537714,10.799895],[122.537714,10.804395],[122.533214,10.804395],[122.533214,10.799895]]]},"properties":{"confidence":"M","basis":"M-overall (see _provenance; CR-007 PR 7)"}},{"type":"Feature","geometry":{"type":"Polygon","coordinates":[[[122.533214,10.804395],[122.537714,10.804395],[122.537714,10.808895],[122.533214,10.808895],[122.533214,10.804395]]]},"properties":{"confidence":"M","basis":"M-overall (see _provenance; CR-007 PR 7)"}},{"type":"Feature","geometry":{"type":"Polygon","coordinates":[[[122.533214,10.808895],[122.537714,10.808895],[122.537714,10.812253495426909],[122.533214,10.812253495426909],[122.533214,10.808895]]]},"properties":{"confidence":"M","basis":"M-overall (see _provenance; CR-007 PR 7)"}},{"type":"Feature","geometry":{"type":"Polygon","coordinates":[[[122.537714,10.637895],[122.542214,10.637895],[122.542214,10.642395],[122.537714,10.642395],[122.537714,10.637895]]]},"properties":{"confidence":"M","basis":"M-overall (see _provenance; CR-007 PR 7)"}},{"type":"Feature","geometry":{"type":"Polygon","coordinates":[[[122.537714,10.642395],[122.542214,10.642395],[122.542214,10.646895],[122.537714,10.646895],[122.537714,10.642395]]]},"properties":{"confidence":"M","basis":"M-overall (see _provenance; CR-007 PR 7)"}},{"type":"Feature","geometry":{"type":"Polygon","coordinates":[[[122.537714,10.646895],[122.542214,10.646895],[122.542214,10.651395],[122.537714,10.651395],[122.537714,10.646895]]]},"properties":{"confidence":"M","basis":"M-overall (see _provenance; CR-007 PR 7)"}},{"type":"Feature","geometry":{"type":"Polygon","coordinates":[[[122.537714,10.651395],[122.542214,10.651395],[122.542214,10.655895],[122.537714,10.655895],[122.537714,10.651395]]]},"properties":{"confidence":"M","basis":"M-overall (see _provenance; CR-007 PR 7)"}},{"type":"Feature","geometry":{"type":"Polygon","coordinates":[[[122.537714,10.655895],[122.542214,10.655895],[122.542214,10.660395],[122.537714,10.660395],[122.537714,10.655895]]]},"properties":{"confidence":"M","basis":"M-overall (see _provenance; CR-007 PR 7)"}},{"type":"Feature","geometry":{"type":"Polygon","coordinates":[[[122.537714,10.660395],[122.542214,10.660395],[122.542214,10.664895],[122.537714,10.664895],[122.537714,10.660395]]]},"properties":{"confidence":"M","basis":"M-overall (see _provenance; CR-007 PR 7)"}},{"type":"Feature","geometry":{"type":"Polygon","coordinates":[[[122.537714,10.664895],[122.542214,10.664895],[122.542214,10.669395],[122.537714,10.669395],[122.537714,10.664895]]]},"properties":{"confidence":"M","basis":"M-overall (see _provenance; CR-007 PR 7)"}},{"type":"Feature","geometry":{"type":"Polygon","coordinates":[[[122.537714,10.669395],[122.542214,10.669395],[122.542214,10.673895],[122.537714,10.673895],[122.537714,10.669395]]]},"properties":{"confidence":"M","basis":"M-overall (see _provenance; CR-007 PR 7)"}},{"type":"Feature","geometry":{"type":"Polygon","coordinates":[[[122.537714,10.673895],[122.542214,10.673895],[122.542214,10.678395],[122.537714,10.678395],[122.537714,10.673895]]]},"properties":{"confidence":"M","basis":"M-overall (see _provenance; CR-007 PR 7)"}},{"type":"Feature","geometry":{"type":"Polygon","coordinates":[[[122.537714,10.678395],[122.542214,10.678395],[122.542214,10.682895],[122.537714,10.682895],[122.537714,10.678395]]]},"properties":{"confidence":"M","basis":"M-overall (see _provenance; CR-007 PR 7)"}},{"type":"Feature","geometry":{"type":"Polygon","coordinates":[[[122.537714,10.682895],[122.542214,10.682895],[122.542214,10.687395],[122.537714,10.687395],[122.537714,10.682895]]]},"properties":{"confidence":"M","basis":"M-overall (see _provenance; CR-007 PR 7)"}},{"type":"Feature","geometry":{"type":"Polygon","coordinates":[[[122.537714,10.687395],[122.542214,10.687395],[122.542214,10.691895],[122.537714,10.691895],[122.537714,10.687395]]]},"properties":{"confidence":"M","basis":"M-overall (see _provenance; CR-007 PR 7)"}},{"type":"Feature","geometry":{"type":"Polygon","coordinates":[[[122.537714,10.691895],[122.542214,10.691895],[122.542214,10.696395],[122.537714,10.696395],[122.537714,10.691895]]]},"properties":{"confidence":"M","basis":"M-overall (see _provenance; CR-007 PR 7)"}},{"type":"Feature","geometry":{"type":"Polygon","coordinates":[[[122.537714,10.696395],[122.542214,10.696395],[122.542214,10.700895],[122.537714,10.700895],[122.537714,10.696395]]]},"properties":{"confidence":"M","basis":"M-overall (see _provenance; CR-007 PR 7)"}},{"type":"Feature","geometry":{"type":"Polygon","coordinates":[[[122.537714,10.700895],[122.542214,10.700895],[122.542214,10.705395],[122.537714,10.705395],[122.537714,10.700895]]]},"properties":{"confidence":"M","basis":"M-overall (see _provenance; CR-007 PR 7)"}},{"type":"Feature","geometry":{"type":"Polygon","coordinates":[[[122.537714,10.705395],[122.542214,10.705395],[122.542214,10.709895],[122.537714,10.709895],[122.537714,10.705395]]]},"properties":{"confidence":"M","basis":"M-overall (see _provenance; CR-007 PR 7)"}},{"type":"Feature","geometry":{"type":"Polygon","coordinates":[[[122.537714,10.709895],[122.542214,10.709895],[122.542214,10.714395],[122.537714,10.714395],[122.537714,10.709895]]]},"properties":{"confidence":"M","basis":"M-overall (see _provenance; CR-007 PR 7)"}},{"type":"Feature","geometry":{"type":"Polygon","coordinates":[[[122.537714,10.714395],[122.542214,10.714395],[122.542214,10.718895],[122.537714,10.718895],[122.537714,10.714395]]]},"properties":{"confidence":"M","basis":"M-overall (see _provenance; CR-007 PR 7)"}},{"type":"Feature","geometry":{"type":"Polygon","coordinates":[[[122.537714,10.718895],[122.542214,10.718895],[122.542214,10.723395],[122.537714,10.723395],[122.537714,10.718895]]]},"properties":{"confidence":"M","basis":"M-overall (see _provenance; CR-007 PR 7)"}},{"type":"Feature","geometry":{"type":"Polygon","coordinates":[[[122.537714,10.723395],[122.542214,10.723395],[122.542214,10.727895],[122.537714,10.727895],[122.537714,10.723395]]]},"properties":{"confidence":"M","basis":"M-overall (see _provenance; CR-007 PR 7)"}},{"type":"Feature","geometry":{"type":"Polygon","coordinates":[[[122.537714,10.727895],[122.542214,10.727895],[122.542214,10.732395],[122.537714,10.732395],[122.537714,10.727895]]]},"properties":{"confidence":"M","basis":"M-overall (see _provenance; CR-007 PR 7)"}},{"type":"Feature","geometry":{"type":"Polygon","coordinates":[[[122.537714,10.732395],[122.542214,10.732395],[122.542214,10.736895],[122.537714,10.736895],[122.537714,10.732395]]]},"properties":{"confidence":"M","basis":"M-overall (see _provenance; CR-007 PR 7)"}},{"type":"Feature","geometry":{"type":"Polygon","coordinates":[[[122.537714,10.736895],[122.542214,10.736895],[122.542214,10.741395],[122.537714,10.741395],[122.537714,10.736895]]]},"properties":{"confidence":"M","basis":"M-overall (see _provenance; CR-007 PR 7)"}},{"type":"Feature","geometry":{"type":"Polygon","coordinates":[[[122.537714,10.741395],[122.542214,10.741395],[122.542214,10.745895],[122.537714,10.745895],[122.537714,10.741395]]]},"properties":{"confidence":"M","basis":"M-overall (see _provenance; CR-007 PR 7)"}},{"type":"Feature","geometry":{"type":"Polygon","coordinates":[[[122.537714,10.745895],[122.542214,10.745895],[122.542214,10.750395],[122.537714,10.750395],[122.537714,10.745895]]]},"properties":{"confidence":"M","basis":"M-overall (see _provenance; CR-007 PR 7)"}},{"type":"Feature","geometry":{"type":"Polygon","coordinates":[[[122.537714,10.750395],[122.542214,10.750395],[122.542214,10.754895],[122.537714,10.754895],[122.537714,10.750395]]]},"properties":{"confidence":"M","basis":"M-overall (see _provenance; CR-007 PR 7)"}},{"type":"Feature","geometry":{"type":"Polygon","coordinates":[[[122.537714,10.754895],[122.542214,10.754895],[122.542214,10.759395],[122.537714,10.759395],[122.537714,10.754895]]]},"properties":{"confidence":"M","basis":"M-overall (see _provenance; CR-007 PR 7)"}},{"type":"Feature","geometry":{"type":"Polygon","coordinates":[[[122.537714,10.759395],[122.542214,10.759395],[122.542214,10.763895],[122.537714,10.763895],[122.537714,10.759395]]]},"properties":{"confidence":"M","basis":"M-overall (see _provenance; CR-007 PR 7)"}},{"type":"Feature","geometry":{"type":"Polygon","coordinates":[[[122.537714,10.763895],[122.542214,10.763895],[122.542214,10.768395],[122.537714,10.768395],[122.537714,10.763895]]]},"properties":{"confidence":"M","basis":"M-overall (see _provenance; CR-007 PR 7)"}},{"type":"Feature","geometry":{"type":"Polygon","coordinates":[[[122.537714,10.768395],[122.542214,10.768395],[122.542214,10.772895],[122.537714,10.772895],[122.537714,10.768395]]]},"properties":{"confidence":"M","basis":"M-overall (see _provenance; CR-007 PR 7)"}},{"type":"Feature","geometry":{"type":"Polygon","coordinates":[[[122.537714,10.772895],[122.542214,10.772895],[122.542214,10.777395],[122.537714,10.777395],[122.537714,10.772895]]]},"properties":{"confidence":"M","basis":"M-overall (see _provenance; CR-007 PR 7)"}},{"type":"Feature","geometry":{"type":"Polygon","coordinates":[[[122.537714,10.777395],[122.542214,10.777395],[122.542214,10.781895],[122.537714,10.781895],[122.537714,10.777395]]]},"properties":{"confidence":"M","basis":"M-overall (see _provenance; CR-007 PR 7)"}},{"type":"Feature","geometry":{"type":"Polygon","coordinates":[[[122.537714,10.781895],[122.542214,10.781895],[122.542214,10.786395],[122.537714,10.786395],[122.537714,10.781895]]]},"properties":{"confidence":"M","basis":"M-overall (see _provenance; CR-007 PR 7)"}},{"type":"Feature","geometry":{"type":"Polygon","coordinates":[[[122.537714,10.786395],[122.542214,10.786395],[122.542214,10.790895],[122.537714,10.790895],[122.537714,10.786395]]]},"properties":{"confidence":"M","basis":"M-overall (see _provenance; CR-007 PR 7)"}},{"type":"Feature","geometry":{"type":"Polygon","coordinates":[[[122.537714,10.790895],[122.542214,10.790895],[122.542214,10.795395],[122.537714,10.795395],[122.537714,10.790895]]]},"properties":{"confidence":"M","basis":"M-overall (see _provenance; CR-007 PR 7)"}},{"type":"Feature","geometry":{"type":"Polygon","coordinates":[[[122.537714,10.795395],[122.542214,10.795395],[122.542214,10.799895],[122.537714,10.799895],[122.537714,10.795395]]]},"properties":{"confidence":"M","basis":"M-overall (see _provenance; CR-007 PR 7)"}},{"type":"Feature","geometry":{"type":"Polygon","coordinates":[[[122.537714,10.799895],[122.542214,10.799895],[122.542214,10.804395],[122.537714,10.804395],[122.537714,10.799895]]]},"properties":{"confidence":"M","basis":"M-overall (see _provenance; CR-007 PR 7)"}},{"type":"Feature","geometry":{"type":"Polygon","coordinates":[[[122.537714,10.804395],[122.542214,10.804395],[122.542214,10.808895],[122.537714,10.808895],[122.537714,10.804395]]]},"properties":{"confidence":"M","basis":"M-overall (see _provenance; CR-007 PR 7)"}},{"type":"Feature","geometry":{"type":"Polygon","coordinates":[[[122.537714,10.808895],[122.542214,10.808895],[122.542214,10.812253495426909],[122.537714,10.812253495426909],[122.537714,10.808895]]]},"properties":{"confidence":"M","basis":"M-overall (see _provenance; CR-007 PR 7)"}},{"type":"Feature","geometry":{"type":"Polygon","coordinates":[[[122.542214,10.637895],[122.546714,10.637895],[122.546714,10.642395],[122.542214,10.642395],[122.542214,10.637895]]]},"properties":{"confidence":"M","basis":"M-overall (see _provenance; CR-007 PR 7)"}},{"type":"Feature","geometry":{"type":"Polygon","coordinates":[[[122.542214,10.642395],[122.546714,10.642395],[122.546714,10.646895],[122.542214,10.646895],[122.542214,10.642395]]]},"properties":{"confidence":"M","basis":"M-overall (see _provenance; CR-007 PR 7)"}},{"type":"Feature","geometry":{"type":"Polygon","coordinates":[[[122.542214,10.646895],[122.546714,10.646895],[122.546714,10.651395],[122.542214,10.651395],[122.542214,10.646895]]]},"properties":{"confidence":"M","basis":"M-overall (see _provenance; CR-007 PR 7)"}},{"type":"Feature","geometry":{"type":"Polygon","coordinates":[[[122.542214,10.651395],[122.546714,10.651395],[122.546714,10.655895],[122.542214,10.655895],[122.542214,10.651395]]]},"properties":{"confidence":"M","basis":"M-overall (see _provenance; CR-007 PR 7)"}},{"type":"Feature","geometry":{"type":"Polygon","coordinates":[[[122.542214,10.655895],[122.546714,10.655895],[122.546714,10.660395],[122.542214,10.660395],[122.542214,10.655895]]]},"properties":{"confidence":"M","basis":"M-overall (see _provenance; CR-007 PR 7)"}},{"type":"Feature","geometry":{"type":"Polygon","coordinates":[[[122.542214,10.660395],[122.546714,10.660395],[122.546714,10.664895],[122.542214,10.664895],[122.542214,10.660395]]]},"properties":{"confidence":"M","basis":"M-overall (see _provenance; CR-007 PR 7)"}},{"type":"Feature","geometry":{"type":"Polygon","coordinates":[[[122.542214,10.664895],[122.546714,10.664895],[122.546714,10.669395],[122.542214,10.669395],[122.542214,10.664895]]]},"properties":{"confidence":"M","basis":"M-overall (see _provenance; CR-007 PR 7)"}},{"type":"Feature","geometry":{"type":"Polygon","coordinates":[[[122.542214,10.669395],[122.546714,10.669395],[122.546714,10.673895],[122.542214,10.673895],[122.542214,10.669395]]]},"properties":{"confidence":"M","basis":"M-overall (see _provenance; CR-007 PR 7)"}},{"type":"Feature","geometry":{"type":"Polygon","coordinates":[[[122.542214,10.673895],[122.546714,10.673895],[122.546714,10.678395],[122.542214,10.678395],[122.542214,10.673895]]]},"properties":{"confidence":"M","basis":"M-overall (see _provenance; CR-007 PR 7)"}},{"type":"Feature","geometry":{"type":"Polygon","coordinates":[[[122.542214,10.678395],[122.546714,10.678395],[122.546714,10.682895],[122.542214,10.682895],[122.542214,10.678395]]]},"properties":{"confidence":"M","basis":"M-overall (see _provenance; CR-007 PR 7)"}},{"type":"Feature","geometry":{"type":"Polygon","coordinates":[[[122.542214,10.682895],[122.546714,10.682895],[122.546714,10.687395],[122.542214,10.687395],[122.542214,10.682895]]]},"properties":{"confidence":"M","basis":"M-overall (see _provenance; CR-007 PR 7)"}},{"type":"Feature","geometry":{"type":"Polygon","coordinates":[[[122.542214,10.687395],[122.546714,10.687395],[122.546714,10.691895],[122.542214,10.691895],[122.542214,10.687395]]]},"properties":{"confidence":"M","basis":"M-overall (see _provenance; CR-007 PR 7)"}},{"type":"Feature","geometry":{"type":"Polygon","coordinates":[[[122.542214,10.691895],[122.546714,10.691895],[122.546714,10.696395],[122.542214,10.696395],[122.542214,10.691895]]]},"properties":{"confidence":"M","basis":"M-overall (see _provenance; CR-007 PR 7)"}},{"type":"Feature","geometry":{"type":"Polygon","coordinates":[[[122.542214,10.696395],[122.546714,10.696395],[122.546714,10.700895],[122.542214,10.700895],[122.542214,10.696395]]]},"properties":{"confidence":"M","basis":"M-overall (see _provenance; CR-007 PR 7)"}},{"type":"Feature","geometry":{"type":"Polygon","coordinates":[[[122.542214,10.700895],[122.546714,10.700895],[122.546714,10.705395],[122.542214,10.705395],[122.542214,10.700895]]]},"properties":{"confidence":"M","basis":"M-overall (see _provenance; CR-007 PR 7)"}},{"type":"Feature","geometry":{"type":"Polygon","coordinates":[[[122.542214,10.705395],[122.546714,10.705395],[122.546714,10.709895],[122.542214,10.709895],[122.542214,10.705395]]]},"properties":{"confidence":"M","basis":"M-overall (see _provenance; CR-007 PR 7)"}},{"type":"Feature","geometry":{"type":"Polygon","coordinates":[[[122.542214,10.709895],[122.546714,10.709895],[122.546714,10.714395],[122.542214,10.714395],[122.542214,10.709895]]]},"properties":{"confidence":"M","basis":"M-overall (see _provenance; CR-007 PR 7)"}},{"type":"Feature","geometry":{"type":"Polygon","coordinates":[[[122.542214,10.714395],[122.546714,10.714395],[122.546714,10.718895],[122.542214,10.718895],[122.542214,10.714395]]]},"properties":{"confidence":"M","basis":"M-overall (see _provenance; CR-007 PR 7)"}},{"type":"Feature","geometry":{"type":"Polygon","coordinates":[[[122.542214,10.718895],[122.546714,10.718895],[122.546714,10.723395],[122.542214,10.723395],[122.542214,10.718895]]]},"properties":{"confidence":"M","basis":"M-overall (see _provenance; CR-007 PR 7)"}},{"type":"Feature","geometry":{"type":"Polygon","coordinates":[[[122.542214,10.723395],[122.546714,10.723395],[122.546714,10.727895],[122.542214,10.727895],[122.542214,10.723395]]]},"properties":{"confidence":"M","basis":"M-overall (see _provenance; CR-007 PR 7)"}},{"type":"Feature","geometry":{"type":"Polygon","coordinates":[[[122.542214,10.727895],[122.546714,10.727895],[122.546714,10.732395],[122.542214,10.732395],[122.542214,10.727895]]]},"properties":{"confidence":"M","basis":"M-overall (see _provenance; CR-007 PR 7)"}},{"type":"Feature","geometry":{"type":"Polygon","coordinates":[[[122.542214,10.732395],[122.546714,10.732395],[122.546714,10.736895],[122.542214,10.736895],[122.542214,10.732395]]]},"properties":{"confidence":"M","basis":"M-overall (see _provenance; CR-007 PR 7)"}},{"type":"Feature","geometry":{"type":"Polygon","coordinates":[[[122.542214,10.736895],[122.546714,10.736895],[122.546714,10.741395],[122.542214,10.741395],[122.542214,10.736895]]]},"properties":{"confidence":"M","basis":"M-overall (see _provenance; CR-007 PR 7)"}},{"type":"Feature","geometry":{"type":"Polygon","coordinates":[[[122.542214,10.741395],[122.546714,10.741395],[122.546714,10.745895],[122.542214,10.745895],[122.542214,10.741395]]]},"properties":{"confidence":"M","basis":"M-overall (see _provenance; CR-007 PR 7)"}},{"type":"Feature","geometry":{"type":"Polygon","coordinates":[[[122.542214,10.745895],[122.546714,10.745895],[122.546714,10.750395],[122.542214,10.750395],[122.542214,10.745895]]]},"properties":{"confidence":"M","basis":"M-overall (see _provenance; CR-007 PR 7)"}},{"type":"Feature","geometry":{"type":"Polygon","coordinates":[[[122.542214,10.750395],[122.546714,10.750395],[122.546714,10.754895],[122.542214,10.754895],[122.542214,10.750395]]]},"properties":{"confidence":"M","basis":"M-overall (see _provenance; CR-007 PR 7)"}},{"type":"Feature","geometry":{"type":"Polygon","coordinates":[[[122.542214,10.754895],[122.546714,10.754895],[122.546714,10.759395],[122.542214,10.759395],[122.542214,10.754895]]]},"properties":{"confidence":"M","basis":"M-overall (see _provenance; CR-007 PR 7)"}},{"type":"Feature","geometry":{"type":"Polygon","coordinates":[[[122.542214,10.759395],[122.546714,10.759395],[122.546714,10.763895],[122.542214,10.763895],[122.542214,10.759395]]]},"properties":{"confidence":"M","basis":"M-overall (see _provenance; CR-007 PR 7)"}},{"type":"Feature","geometry":{"type":"Polygon","coordinates":[[[122.542214,10.763895],[122.546714,10.763895],[122.546714,10.768395],[122.542214,10.768395],[122.542214,10.763895]]]},"properties":{"confidence":"M","basis":"M-overall (see _provenance; CR-007 PR 7)"}},{"type":"Feature","geometry":{"type":"Polygon","coordinates":[[[122.542214,10.768395],[122.546714,10.768395],[122.546714,10.772895],[122.542214,10.772895],[122.542214,10.768395]]]},"properties":{"confidence":"M","basis":"M-overall (see _provenance; CR-007 PR 7)"}},{"type":"Feature","geometry":{"type":"Polygon","coordinates":[[[122.542214,10.772895],[122.546714,10.772895],[122.546714,10.777395],[122.542214,10.777395],[122.542214,10.772895]]]},"properties":{"confidence":"M","basis":"M-overall (see _provenance; CR-007 PR 7)"}},{"type":"Feature","geometry":{"type":"Polygon","coordinates":[[[122.542214,10.777395],[122.546714,10.777395],[122.546714,10.781895],[122.542214,10.781895],[122.542214,10.777395]]]},"properties":{"confidence":"M","basis":"M-overall (see _provenance; CR-007 PR 7)"}},{"type":"Feature","geometry":{"type":"Polygon","coordinates":[[[122.542214,10.781895],[122.546714,10.781895],[122.546714,10.786395],[122.542214,10.786395],[122.542214,10.781895]]]},"properties":{"confidence":"M","basis":"M-overall (see _provenance; CR-007 PR 7)"}},{"type":"Feature","geometry":{"type":"Polygon","coordinates":[[[122.542214,10.786395],[122.546714,10.786395],[122.546714,10.790895],[122.542214,10.790895],[122.542214,10.786395]]]},"properties":{"confidence":"M","basis":"M-overall (see _provenance; CR-007 PR 7)"}},{"type":"Feature","geometry":{"type":"Polygon","coordinates":[[[122.542214,10.790895],[122.546714,10.790895],[122.546714,10.795395],[122.542214,10.795395],[122.542214,10.790895]]]},"properties":{"confidence":"M","basis":"M-overall (see _provenance; CR-007 PR 7)"}},{"type":"Feature","geometry":{"type":"Polygon","coordinates":[[[122.542214,10.795395],[122.546714,10.795395],[122.546714,10.799895],[122.542214,10.799895],[122.542214,10.795395]]]},"properties":{"confidence":"M","basis":"M-overall (see _provenance; CR-007 PR 7)"}},{"type":"Feature","geometry":{"type":"Polygon","coordinates":[[[122.542214,10.799895],[122.546714,10.799895],[122.546714,10.804395],[122.542214,10.804395],[122.542214,10.799895]]]},"properties":{"confidence":"M","basis":"M-overall (see _provenance; CR-007 PR 7)"}},{"type":"Feature","geometry":{"type":"Polygon","coordinates":[[[122.542214,10.804395],[122.546714,10.804395],[122.546714,10.808895],[122.542214,10.808895],[122.542214,10.804395]]]},"properties":{"confidence":"M","basis":"M-overall (see _provenance; CR-007 PR 7)"}},{"type":"Feature","geometry":{"type":"Polygon","coordinates":[[[122.542214,10.808895],[122.546714,10.808895],[122.546714,10.812253495426909],[122.542214,10.812253495426909],[122.542214,10.808895]]]},"properties":{"confidence":"M","basis":"M-overall (see _provenance; CR-007 PR 7)"}},{"type":"Feature","geometry":{"type":"Polygon","coordinates":[[[122.546714,10.637895],[122.551214,10.637895],[122.551214,10.642395],[122.546714,10.642395],[122.546714,10.637895]]]},"properties":{"confidence":"M","basis":"M-overall (see _provenance; CR-007 PR 7)"}},{"type":"Feature","geometry":{"type":"Polygon","coordinates":[[[122.546714,10.642395],[122.551214,10.642395],[122.551214,10.646895],[122.546714,10.646895],[122.546714,10.642395]]]},"properties":{"confidence":"M","basis":"M-overall (see _provenance; CR-007 PR 7)"}},{"type":"Feature","geometry":{"type":"Polygon","coordinates":[[[122.546714,10.646895],[122.551214,10.646895],[122.551214,10.651395],[122.546714,10.651395],[122.546714,10.646895]]]},"properties":{"confidence":"M","basis":"M-overall (see _provenance; CR-007 PR 7)"}},{"type":"Feature","geometry":{"type":"Polygon","coordinates":[[[122.546714,10.651395],[122.551214,10.651395],[122.551214,10.655895],[122.546714,10.655895],[122.546714,10.651395]]]},"properties":{"confidence":"M","basis":"M-overall (see _provenance; CR-007 PR 7)"}},{"type":"Feature","geometry":{"type":"Polygon","coordinates":[[[122.546714,10.655895],[122.551214,10.655895],[122.551214,10.660395],[122.546714,10.660395],[122.546714,10.655895]]]},"properties":{"confidence":"M","basis":"M-overall (see _provenance; CR-007 PR 7)"}},{"type":"Feature","geometry":{"type":"Polygon","coordinates":[[[122.546714,10.660395],[122.551214,10.660395],[122.551214,10.664895],[122.546714,10.664895],[122.546714,10.660395]]]},"properties":{"confidence":"M","basis":"M-overall (see _provenance; CR-007 PR 7)"}},{"type":"Feature","geometry":{"type":"Polygon","coordinates":[[[122.546714,10.664895],[122.551214,10.664895],[122.551214,10.669395],[122.546714,10.669395],[122.546714,10.664895]]]},"properties":{"confidence":"M","basis":"M-overall (see _provenance; CR-007 PR 7)"}},{"type":"Feature","geometry":{"type":"Polygon","coordinates":[[[122.546714,10.669395],[122.551214,10.669395],[122.551214,10.673895],[122.546714,10.673895],[122.546714,10.669395]]]},"properties":{"confidence":"M","basis":"M-overall (see _provenance; CR-007 PR 7)"}},{"type":"Feature","geometry":{"type":"Polygon","coordinates":[[[122.546714,10.673895],[122.551214,10.673895],[122.551214,10.678395],[122.546714,10.678395],[122.546714,10.673895]]]},"properties":{"confidence":"M","basis":"M-overall (see _provenance; CR-007 PR 7)"}},{"type":"Feature","geometry":{"type":"Polygon","coordinates":[[[122.546714,10.678395],[122.551214,10.678395],[122.551214,10.682895],[122.546714,10.682895],[122.546714,10.678395]]]},"properties":{"confidence":"M","basis":"M-overall (see _provenance; CR-007 PR 7)"}},{"type":"Feature","geometry":{"type":"Polygon","coordinates":[[[122.546714,10.682895],[122.551214,10.682895],[122.551214,10.687395],[122.546714,10.687395],[122.546714,10.682895]]]},"properties":{"confidence":"M","basis":"M-overall (see _provenance; CR-007 PR 7)"}},{"type":"Feature","geometry":{"type":"Polygon","coordinates":[[[122.546714,10.687395],[122.551214,10.687395],[122.551214,10.691895],[122.546714,10.691895],[122.546714,10.687395]]]},"properties":{"confidence":"M","basis":"M-overall (see _provenance; CR-007 PR 7)"}},{"type":"Feature","geometry":{"type":"Polygon","coordinates":[[[122.546714,10.691895],[122.551214,10.691895],[122.551214,10.696395],[122.546714,10.696395],[122.546714,10.691895]]]},"properties":{"confidence":"M","basis":"M-overall (see _provenance; CR-007 PR 7)"}},{"type":"Feature","geometry":{"type":"Polygon","coordinates":[[[122.546714,10.696395],[122.551214,10.696395],[122.551214,10.700895],[122.546714,10.700895],[122.546714,10.696395]]]},"properties":{"confidence":"M","basis":"M-overall (see _provenance; CR-007 PR 7)"}},{"type":"Feature","geometry":{"type":"Polygon","coordinates":[[[122.546714,10.700895],[122.551214,10.700895],[122.551214,10.705395],[122.546714,10.705395],[122.546714,10.700895]]]},"properties":{"confidence":"M","basis":"M-overall (see _provenance; CR-007 PR 7)"}},{"type":"Feature","geometry":{"type":"Polygon","coordinates":[[[122.546714,10.705395],[122.551214,10.705395],[122.551214,10.709895],[122.546714,10.709895],[122.546714,10.705395]]]},"properties":{"confidence":"M","basis":"M-overall (see _provenance; CR-007 PR 7)"}},{"type":"Feature","geometry":{"type":"Polygon","coordinates":[[[122.546714,10.709895],[122.551214,10.709895],[122.551214,10.714395],[122.546714,10.714395],[122.546714,10.709895]]]},"properties":{"confidence":"M","basis":"M-overall (see _provenance; CR-007 PR 7)"}},{"type":"Feature","geometry":{"type":"Polygon","coordinates":[[[122.546714,10.714395],[122.551214,10.714395],[122.551214,10.718895],[122.546714,10.718895],[122.546714,10.714395]]]},"properties":{"confidence":"M","basis":"M-overall (see _provenance; CR-007 PR 7)"}},{"type":"Feature","geometry":{"type":"Polygon","coordinates":[[[122.546714,10.718895],[122.551214,10.718895],[122.551214,10.723395],[122.546714,10.723395],[122.546714,10.718895]]]},"properties":{"confidence":"M","basis":"M-overall (see _provenance; CR-007 PR 7)"}},{"type":"Feature","geometry":{"type":"Polygon","coordinates":[[[122.546714,10.723395],[122.551214,10.723395],[122.551214,10.727895],[122.546714,10.727895],[122.546714,10.723395]]]},"properties":{"confidence":"M","basis":"M-overall (see _provenance; CR-007 PR 7)"}},{"type":"Feature","geometry":{"type":"Polygon","coordinates":[[[122.546714,10.727895],[122.551214,10.727895],[122.551214,10.732395],[122.546714,10.732395],[122.546714,10.727895]]]},"properties":{"confidence":"M","basis":"M-overall (see _provenance; CR-007 PR 7)"}},{"type":"Feature","geometry":{"type":"Polygon","coordinates":[[[122.546714,10.732395],[122.551214,10.732395],[122.551214,10.736895],[122.546714,10.736895],[122.546714,10.732395]]]},"properties":{"confidence":"M","basis":"M-overall (see _provenance; CR-007 PR 7)"}},{"type":"Feature","geometry":{"type":"Polygon","coordinates":[[[122.546714,10.736895],[122.551214,10.736895],[122.551214,10.741395],[122.546714,10.741395],[122.546714,10.736895]]]},"properties":{"confidence":"M","basis":"M-overall (see _provenance; CR-007 PR 7)"}},{"type":"Feature","geometry":{"type":"Polygon","coordinates":[[[122.546714,10.741395],[122.551214,10.741395],[122.551214,10.745895],[122.546714,10.745895],[122.546714,10.741395]]]},"properties":{"confidence":"M","basis":"M-overall (see _provenance; CR-007 PR 7)"}},{"type":"Feature","geometry":{"type":"Polygon","coordinates":[[[122.546714,10.745895],[122.551214,10.745895],[122.551214,10.750395],[122.546714,10.750395],[122.546714,10.745895]]]},"properties":{"confidence":"M","basis":"M-overall (see _provenance; CR-007 PR 7)"}},{"type":"Feature","geometry":{"type":"Polygon","coordinates":[[[122.546714,10.750395],[122.551214,10.750395],[122.551214,10.754895],[122.546714,10.754895],[122.546714,10.750395]]]},"properties":{"confidence":"M","basis":"M-overall (see _provenance; CR-007 PR 7)"}},{"type":"Feature","geometry":{"type":"Polygon","coordinates":[[[122.546714,10.754895],[122.551214,10.754895],[122.551214,10.759395],[122.546714,10.759395],[122.546714,10.754895]]]},"properties":{"confidence":"M","basis":"M-overall (see _provenance; CR-007 PR 7)"}},{"type":"Feature","geometry":{"type":"Polygon","coordinates":[[[122.546714,10.759395],[122.551214,10.759395],[122.551214,10.763895],[122.546714,10.763895],[122.546714,10.759395]]]},"properties":{"confidence":"M","basis":"M-overall (see _provenance; CR-007 PR 7)"}},{"type":"Feature","geometry":{"type":"Polygon","coordinates":[[[122.546714,10.763895],[122.551214,10.763895],[122.551214,10.768395],[122.546714,10.768395],[122.546714,10.763895]]]},"properties":{"confidence":"M","basis":"M-overall (see _provenance; CR-007 PR 7)"}},{"type":"Feature","geometry":{"type":"Polygon","coordinates":[[[122.546714,10.768395],[122.551214,10.768395],[122.551214,10.772895],[122.546714,10.772895],[122.546714,10.768395]]]},"properties":{"confidence":"M","basis":"M-overall (see _provenance; CR-007 PR 7)"}},{"type":"Feature","geometry":{"type":"Polygon","coordinates":[[[122.546714,10.772895],[122.551214,10.772895],[122.551214,10.777395],[122.546714,10.777395],[122.546714,10.772895]]]},"properties":{"confidence":"M","basis":"M-overall (see _provenance; CR-007 PR 7)"}},{"type":"Feature","geometry":{"type":"Polygon","coordinates":[[[122.546714,10.777395],[122.551214,10.777395],[122.551214,10.781895],[122.546714,10.781895],[122.546714,10.777395]]]},"properties":{"confidence":"M","basis":"M-overall (see _provenance; CR-007 PR 7)"}},{"type":"Feature","geometry":{"type":"Polygon","coordinates":[[[122.546714,10.781895],[122.551214,10.781895],[122.551214,10.786395],[122.546714,10.786395],[122.546714,10.781895]]]},"properties":{"confidence":"M","basis":"M-overall (see _provenance; CR-007 PR 7)"}},{"type":"Feature","geometry":{"type":"Polygon","coordinates":[[[122.546714,10.786395],[122.551214,10.786395],[122.551214,10.790895],[122.546714,10.790895],[122.546714,10.786395]]]},"properties":{"confidence":"M","basis":"M-overall (see _provenance; CR-007 PR 7)"}},{"type":"Feature","geometry":{"type":"Polygon","coordinates":[[[122.546714,10.790895],[122.551214,10.790895],[122.551214,10.795395],[122.546714,10.795395],[122.546714,10.790895]]]},"properties":{"confidence":"M","basis":"M-overall (see _provenance; CR-007 PR 7)"}},{"type":"Feature","geometry":{"type":"Polygon","coordinates":[[[122.546714,10.795395],[122.551214,10.795395],[122.551214,10.799895],[122.546714,10.799895],[122.546714,10.795395]]]},"properties":{"confidence":"M","basis":"M-overall (see _provenance; CR-007 PR 7)"}},{"type":"Feature","geometry":{"type":"Polygon","coordinates":[[[122.546714,10.799895],[122.551214,10.799895],[122.551214,10.804395],[122.546714,10.804395],[122.546714,10.799895]]]},"properties":{"confidence":"M","basis":"M-overall (see _provenance; CR-007 PR 7)"}},{"type":"Feature","geometry":{"type":"Polygon","coordinates":[[[122.546714,10.804395],[122.551214,10.804395],[122.551214,10.808895],[122.546714,10.808895],[122.546714,10.804395]]]},"properties":{"confidence":"M","basis":"M-overall (see _provenance; CR-007 PR 7)"}},{"type":"Feature","geometry":{"type":"Polygon","coordinates":[[[122.546714,10.808895],[122.551214,10.808895],[122.551214,10.812253495426909],[122.546714,10.812253495426909],[122.546714,10.808895]]]},"properties":{"confidence":"M","basis":"M-overall (see _provenance; CR-007 PR 7)"}},{"type":"Feature","geometry":{"type":"Polygon","coordinates":[[[122.551214,10.637895],[122.555714,10.637895],[122.555714,10.642395],[122.551214,10.642395],[122.551214,10.637895]]]},"properties":{"confidence":"M","basis":"M-overall (see _provenance; CR-007 PR 7)"}},{"type":"Feature","geometry":{"type":"Polygon","coordinates":[[[122.551214,10.642395],[122.555714,10.642395],[122.555714,10.646895],[122.551214,10.646895],[122.551214,10.642395]]]},"properties":{"confidence":"M","basis":"M-overall (see _provenance; CR-007 PR 7)"}},{"type":"Feature","geometry":{"type":"Polygon","coordinates":[[[122.551214,10.646895],[122.555714,10.646895],[122.555714,10.651395],[122.551214,10.651395],[122.551214,10.646895]]]},"properties":{"confidence":"M","basis":"M-overall (see _provenance; CR-007 PR 7)"}},{"type":"Feature","geometry":{"type":"Polygon","coordinates":[[[122.551214,10.651395],[122.555714,10.651395],[122.555714,10.655895],[122.551214,10.655895],[122.551214,10.651395]]]},"properties":{"confidence":"M","basis":"M-overall (see _provenance; CR-007 PR 7)"}},{"type":"Feature","geometry":{"type":"Polygon","coordinates":[[[122.551214,10.655895],[122.555714,10.655895],[122.555714,10.660395],[122.551214,10.660395],[122.551214,10.655895]]]},"properties":{"confidence":"M","basis":"M-overall (see _provenance; CR-007 PR 7)"}},{"type":"Feature","geometry":{"type":"Polygon","coordinates":[[[122.551214,10.660395],[122.555714,10.660395],[122.555714,10.664895],[122.551214,10.664895],[122.551214,10.660395]]]},"properties":{"confidence":"M","basis":"M-overall (see _provenance; CR-007 PR 7)"}},{"type":"Feature","geometry":{"type":"Polygon","coordinates":[[[122.551214,10.664895],[122.555714,10.664895],[122.555714,10.669395],[122.551214,10.669395],[122.551214,10.664895]]]},"properties":{"confidence":"M","basis":"M-overall (see _provenance; CR-007 PR 7)"}},{"type":"Feature","geometry":{"type":"Polygon","coordinates":[[[122.551214,10.669395],[122.555714,10.669395],[122.555714,10.673895],[122.551214,10.673895],[122.551214,10.669395]]]},"properties":{"confidence":"M","basis":"M-overall (see _provenance; CR-007 PR 7)"}},{"type":"Feature","geometry":{"type":"Polygon","coordinates":[[[122.551214,10.673895],[122.555714,10.673895],[122.555714,10.678395],[122.551214,10.678395],[122.551214,10.673895]]]},"properties":{"confidence":"M","basis":"M-overall (see _provenance; CR-007 PR 7)"}},{"type":"Feature","geometry":{"type":"Polygon","coordinates":[[[122.551214,10.678395],[122.555714,10.678395],[122.555714,10.682895],[122.551214,10.682895],[122.551214,10.678395]]]},"properties":{"confidence":"M","basis":"M-overall (see _provenance; CR-007 PR 7)"}},{"type":"Feature","geometry":{"type":"Polygon","coordinates":[[[122.551214,10.682895],[122.555714,10.682895],[122.555714,10.687395],[122.551214,10.687395],[122.551214,10.682895]]]},"properties":{"confidence":"M","basis":"M-overall (see _provenance; CR-007 PR 7)"}},{"type":"Feature","geometry":{"type":"Polygon","coordinates":[[[122.551214,10.687395],[122.555714,10.687395],[122.555714,10.691895],[122.551214,10.691895],[122.551214,10.687395]]]},"properties":{"confidence":"M","basis":"M-overall (see _provenance; CR-007 PR 7)"}},{"type":"Feature","geometry":{"type":"Polygon","coordinates":[[[122.551214,10.691895],[122.555714,10.691895],[122.555714,10.696395],[122.551214,10.696395],[122.551214,10.691895]]]},"properties":{"confidence":"M","basis":"M-overall (see _provenance; CR-007 PR 7)"}},{"type":"Feature","geometry":{"type":"Polygon","coordinates":[[[122.551214,10.696395],[122.555714,10.696395],[122.555714,10.700895],[122.551214,10.700895],[122.551214,10.696395]]]},"properties":{"confidence":"M","basis":"M-overall (see _provenance; CR-007 PR 7)"}},{"type":"Feature","geometry":{"type":"Polygon","coordinates":[[[122.551214,10.700895],[122.555714,10.700895],[122.555714,10.705395],[122.551214,10.705395],[122.551214,10.700895]]]},"properties":{"confidence":"M","basis":"M-overall (see _provenance; CR-007 PR 7)"}},{"type":"Feature","geometry":{"type":"Polygon","coordinates":[[[122.551214,10.705395],[122.555714,10.705395],[122.555714,10.709895],[122.551214,10.709895],[122.551214,10.705395]]]},"properties":{"confidence":"M","basis":"M-overall (see _provenance; CR-007 PR 7)"}},{"type":"Feature","geometry":{"type":"Polygon","coordinates":[[[122.551214,10.709895],[122.555714,10.709895],[122.555714,10.714395],[122.551214,10.714395],[122.551214,10.709895]]]},"properties":{"confidence":"M","basis":"M-overall (see _provenance; CR-007 PR 7)"}},{"type":"Feature","geometry":{"type":"Polygon","coordinates":[[[122.551214,10.714395],[122.555714,10.714395],[122.555714,10.718895],[122.551214,10.718895],[122.551214,10.714395]]]},"properties":{"confidence":"M","basis":"M-overall (see _provenance; CR-007 PR 7)"}},{"type":"Feature","geometry":{"type":"Polygon","coordinates":[[[122.551214,10.718895],[122.555714,10.718895],[122.555714,10.723395],[122.551214,10.723395],[122.551214,10.718895]]]},"properties":{"confidence":"M","basis":"M-overall (see _provenance; CR-007 PR 7)"}},{"type":"Feature","geometry":{"type":"Polygon","coordinates":[[[122.551214,10.723395],[122.555714,10.723395],[122.555714,10.727895],[122.551214,10.727895],[122.551214,10.723395]]]},"properties":{"confidence":"M","basis":"M-overall (see _provenance; CR-007 PR 7)"}},{"type":"Feature","geometry":{"type":"Polygon","coordinates":[[[122.551214,10.727895],[122.555714,10.727895],[122.555714,10.732395],[122.551214,10.732395],[122.551214,10.727895]]]},"properties":{"confidence":"M","basis":"M-overall (see _provenance; CR-007 PR 7)"}},{"type":"Feature","geometry":{"type":"Polygon","coordinates":[[[122.551214,10.732395],[122.555714,10.732395],[122.555714,10.736895],[122.551214,10.736895],[122.551214,10.732395]]]},"properties":{"confidence":"M","basis":"M-overall (see _provenance; CR-007 PR 7)"}},{"type":"Feature","geometry":{"type":"Polygon","coordinates":[[[122.551214,10.736895],[122.555714,10.736895],[122.555714,10.741395],[122.551214,10.741395],[122.551214,10.736895]]]},"properties":{"confidence":"M","basis":"M-overall (see _provenance; CR-007 PR 7)"}},{"type":"Feature","geometry":{"type":"Polygon","coordinates":[[[122.551214,10.741395],[122.555714,10.741395],[122.555714,10.745895],[122.551214,10.745895],[122.551214,10.741395]]]},"properties":{"confidence":"M","basis":"M-overall (see _provenance; CR-007 PR 7)"}},{"type":"Feature","geometry":{"type":"Polygon","coordinates":[[[122.551214,10.745895],[122.555714,10.745895],[122.555714,10.750395],[122.551214,10.750395],[122.551214,10.745895]]]},"properties":{"confidence":"M","basis":"M-overall (see _provenance; CR-007 PR 7)"}},{"type":"Feature","geometry":{"type":"Polygon","coordinates":[[[122.551214,10.750395],[122.555714,10.750395],[122.555714,10.754895],[122.551214,10.754895],[122.551214,10.750395]]]},"properties":{"confidence":"M","basis":"M-overall (see _provenance; CR-007 PR 7)"}},{"type":"Feature","geometry":{"type":"Polygon","coordinates":[[[122.551214,10.754895],[122.555714,10.754895],[122.555714,10.759395],[122.551214,10.759395],[122.551214,10.754895]]]},"properties":{"confidence":"M","basis":"M-overall (see _provenance; CR-007 PR 7)"}},{"type":"Feature","geometry":{"type":"Polygon","coordinates":[[[122.551214,10.759395],[122.555714,10.759395],[122.555714,10.763895],[122.551214,10.763895],[122.551214,10.759395]]]},"properties":{"confidence":"M","basis":"M-overall (see _provenance; CR-007 PR 7)"}},{"type":"Feature","geometry":{"type":"Polygon","coordinates":[[[122.551214,10.763895],[122.555714,10.763895],[122.555714,10.768395],[122.551214,10.768395],[122.551214,10.763895]]]},"properties":{"confidence":"M","basis":"M-overall (see _provenance; CR-007 PR 7)"}},{"type":"Feature","geometry":{"type":"Polygon","coordinates":[[[122.551214,10.768395],[122.555714,10.768395],[122.555714,10.772895],[122.551214,10.772895],[122.551214,10.768395]]]},"properties":{"confidence":"M","basis":"M-overall (see _provenance; CR-007 PR 7)"}},{"type":"Feature","geometry":{"type":"Polygon","coordinates":[[[122.551214,10.772895],[122.555714,10.772895],[122.555714,10.777395],[122.551214,10.777395],[122.551214,10.772895]]]},"properties":{"confidence":"M","basis":"M-overall (see _provenance; CR-007 PR 7)"}},{"type":"Feature","geometry":{"type":"Polygon","coordinates":[[[122.551214,10.777395],[122.555714,10.777395],[122.555714,10.781895],[122.551214,10.781895],[122.551214,10.777395]]]},"properties":{"confidence":"M","basis":"M-overall (see _provenance; CR-007 PR 7)"}},{"type":"Feature","geometry":{"type":"Polygon","coordinates":[[[122.551214,10.781895],[122.555714,10.781895],[122.555714,10.786395],[122.551214,10.786395],[122.551214,10.781895]]]},"properties":{"confidence":"M","basis":"M-overall (see _provenance; CR-007 PR 7)"}},{"type":"Feature","geometry":{"type":"Polygon","coordinates":[[[122.551214,10.786395],[122.555714,10.786395],[122.555714,10.790895],[122.551214,10.790895],[122.551214,10.786395]]]},"properties":{"confidence":"M","basis":"M-overall (see _provenance; CR-007 PR 7)"}},{"type":"Feature","geometry":{"type":"Polygon","coordinates":[[[122.551214,10.790895],[122.555714,10.790895],[122.555714,10.795395],[122.551214,10.795395],[122.551214,10.790895]]]},"properties":{"confidence":"M","basis":"M-overall (see _provenance; CR-007 PR 7)"}},{"type":"Feature","geometry":{"type":"Polygon","coordinates":[[[122.551214,10.795395],[122.555714,10.795395],[122.555714,10.799895],[122.551214,10.799895],[122.551214,10.795395]]]},"properties":{"confidence":"M","basis":"M-overall (see _provenance; CR-007 PR 7)"}},{"type":"Feature","geometry":{"type":"Polygon","coordinates":[[[122.551214,10.799895],[122.555714,10.799895],[122.555714,10.804395],[122.551214,10.804395],[122.551214,10.799895]]]},"properties":{"confidence":"M","basis":"M-overall (see _provenance; CR-007 PR 7)"}},{"type":"Feature","geometry":{"type":"Polygon","coordinates":[[[122.551214,10.804395],[122.555714,10.804395],[122.555714,10.808895],[122.551214,10.808895],[122.551214,10.804395]]]},"properties":{"confidence":"M","basis":"M-overall (see _provenance; CR-007 PR 7)"}},{"type":"Feature","geometry":{"type":"Polygon","coordinates":[[[122.551214,10.808895],[122.555714,10.808895],[122.555714,10.812253495426909],[122.551214,10.812253495426909],[122.551214,10.808895]]]},"properties":{"confidence":"M","basis":"M-overall (see _provenance; CR-007 PR 7)"}},{"type":"Feature","geometry":{"type":"Polygon","coordinates":[[[122.555714,10.637895],[122.560214,10.637895],[122.560214,10.642395],[122.555714,10.642395],[122.555714,10.637895]]]},"properties":{"confidence":"M","basis":"M-overall (see _provenance; CR-007 PR 7)"}},{"type":"Feature","geometry":{"type":"Polygon","coordinates":[[[122.555714,10.642395],[122.560214,10.642395],[122.560214,10.646895],[122.555714,10.646895],[122.555714,10.642395]]]},"properties":{"confidence":"M","basis":"M-overall (see _provenance; CR-007 PR 7)"}},{"type":"Feature","geometry":{"type":"Polygon","coordinates":[[[122.555714,10.646895],[122.560214,10.646895],[122.560214,10.651395],[122.555714,10.651395],[122.555714,10.646895]]]},"properties":{"confidence":"M","basis":"M-overall (see _provenance; CR-007 PR 7)"}},{"type":"Feature","geometry":{"type":"Polygon","coordinates":[[[122.555714,10.651395],[122.560214,10.651395],[122.560214,10.655895],[122.555714,10.655895],[122.555714,10.651395]]]},"properties":{"confidence":"M","basis":"M-overall (see _provenance; CR-007 PR 7)"}},{"type":"Feature","geometry":{"type":"Polygon","coordinates":[[[122.555714,10.655895],[122.560214,10.655895],[122.560214,10.660395],[122.555714,10.660395],[122.555714,10.655895]]]},"properties":{"confidence":"M","basis":"M-overall (see _provenance; CR-007 PR 7)"}},{"type":"Feature","geometry":{"type":"Polygon","coordinates":[[[122.555714,10.660395],[122.560214,10.660395],[122.560214,10.664895],[122.555714,10.664895],[122.555714,10.660395]]]},"properties":{"confidence":"M","basis":"M-overall (see _provenance; CR-007 PR 7)"}},{"type":"Feature","geometry":{"type":"Polygon","coordinates":[[[122.555714,10.664895],[122.560214,10.664895],[122.560214,10.669395],[122.555714,10.669395],[122.555714,10.664895]]]},"properties":{"confidence":"M","basis":"M-overall (see _provenance; CR-007 PR 7)"}},{"type":"Feature","geometry":{"type":"Polygon","coordinates":[[[122.555714,10.669395],[122.560214,10.669395],[122.560214,10.673895],[122.555714,10.673895],[122.555714,10.669395]]]},"properties":{"confidence":"M","basis":"M-overall (see _provenance; CR-007 PR 7)"}},{"type":"Feature","geometry":{"type":"Polygon","coordinates":[[[122.555714,10.673895],[122.560214,10.673895],[122.560214,10.678395],[122.555714,10.678395],[122.555714,10.673895]]]},"properties":{"confidence":"M","basis":"M-overall (see _provenance; CR-007 PR 7)"}},{"type":"Feature","geometry":{"type":"Polygon","coordinates":[[[122.555714,10.678395],[122.560214,10.678395],[122.560214,10.682895],[122.555714,10.682895],[122.555714,10.678395]]]},"properties":{"confidence":"M","basis":"M-overall (see _provenance; CR-007 PR 7)"}},{"type":"Feature","geometry":{"type":"Polygon","coordinates":[[[122.555714,10.682895],[122.560214,10.682895],[122.560214,10.687395],[122.555714,10.687395],[122.555714,10.682895]]]},"properties":{"confidence":"M","basis":"M-overall (see _provenance; CR-007 PR 7)"}},{"type":"Feature","geometry":{"type":"Polygon","coordinates":[[[122.555714,10.687395],[122.560214,10.687395],[122.560214,10.691895],[122.555714,10.691895],[122.555714,10.687395]]]},"properties":{"confidence":"M","basis":"M-overall (see _provenance; CR-007 PR 7)"}},{"type":"Feature","geometry":{"type":"Polygon","coordinates":[[[122.555714,10.691895],[122.560214,10.691895],[122.560214,10.696395],[122.555714,10.696395],[122.555714,10.691895]]]},"properties":{"confidence":"M","basis":"M-overall (see _provenance; CR-007 PR 7)"}},{"type":"Feature","geometry":{"type":"Polygon","coordinates":[[[122.555714,10.696395],[122.560214,10.696395],[122.560214,10.700895],[122.555714,10.700895],[122.555714,10.696395]]]},"properties":{"confidence":"M","basis":"M-overall (see _provenance; CR-007 PR 7)"}},{"type":"Feature","geometry":{"type":"Polygon","coordinates":[[[122.555714,10.700895],[122.560214,10.700895],[122.560214,10.705395],[122.555714,10.705395],[122.555714,10.700895]]]},"properties":{"confidence":"M","basis":"M-overall (see _provenance; CR-007 PR 7)"}},{"type":"Feature","geometry":{"type":"Polygon","coordinates":[[[122.555714,10.705395],[122.560214,10.705395],[122.560214,10.709895],[122.555714,10.709895],[122.555714,10.705395]]]},"properties":{"confidence":"M","basis":"M-overall (see _provenance; CR-007 PR 7)"}},{"type":"Feature","geometry":{"type":"Polygon","coordinates":[[[122.555714,10.709895],[122.560214,10.709895],[122.560214,10.714395],[122.555714,10.714395],[122.555714,10.709895]]]},"properties":{"confidence":"M","basis":"M-overall (see _provenance; CR-007 PR 7)"}},{"type":"Feature","geometry":{"type":"Polygon","coordinates":[[[122.555714,10.714395],[122.560214,10.714395],[122.560214,10.718895],[122.555714,10.718895],[122.555714,10.714395]]]},"properties":{"confidence":"M","basis":"M-overall (see _provenance; CR-007 PR 7)"}},{"type":"Feature","geometry":{"type":"Polygon","coordinates":[[[122.555714,10.718895],[122.560214,10.718895],[122.560214,10.723395],[122.555714,10.723395],[122.555714,10.718895]]]},"properties":{"confidence":"M","basis":"M-overall (see _provenance; CR-007 PR 7)"}},{"type":"Feature","geometry":{"type":"Polygon","coordinates":[[[122.555714,10.723395],[122.560214,10.723395],[122.560214,10.727895],[122.555714,10.727895],[122.555714,10.723395]]]},"properties":{"confidence":"M","basis":"M-overall (see _provenance; CR-007 PR 7)"}},{"type":"Feature","geometry":{"type":"Polygon","coordinates":[[[122.555714,10.727895],[122.560214,10.727895],[122.560214,10.732395],[122.555714,10.732395],[122.555714,10.727895]]]},"properties":{"confidence":"M","basis":"M-overall (see _provenance; CR-007 PR 7)"}},{"type":"Feature","geometry":{"type":"Polygon","coordinates":[[[122.555714,10.732395],[122.560214,10.732395],[122.560214,10.736895],[122.555714,10.736895],[122.555714,10.732395]]]},"properties":{"confidence":"M","basis":"M-overall (see _provenance; CR-007 PR 7)"}},{"type":"Feature","geometry":{"type":"Polygon","coordinates":[[[122.555714,10.736895],[122.560214,10.736895],[122.560214,10.741395],[122.555714,10.741395],[122.555714,10.736895]]]},"properties":{"confidence":"M","basis":"M-overall (see _provenance; CR-007 PR 7)"}},{"type":"Feature","geometry":{"type":"Polygon","coordinates":[[[122.555714,10.741395],[122.560214,10.741395],[122.560214,10.745895],[122.555714,10.745895],[122.555714,10.741395]]]},"properties":{"confidence":"M","basis":"M-overall (see _provenance; CR-007 PR 7)"}},{"type":"Feature","geometry":{"type":"Polygon","coordinates":[[[122.555714,10.745895],[122.560214,10.745895],[122.560214,10.750395],[122.555714,10.750395],[122.555714,10.745895]]]},"properties":{"confidence":"M","basis":"M-overall (see _provenance; CR-007 PR 7)"}},{"type":"Feature","geometry":{"type":"Polygon","coordinates":[[[122.555714,10.750395],[122.560214,10.750395],[122.560214,10.754895],[122.555714,10.754895],[122.555714,10.750395]]]},"properties":{"confidence":"M","basis":"M-overall (see _provenance; CR-007 PR 7)"}},{"type":"Feature","geometry":{"type":"Polygon","coordinates":[[[122.555714,10.754895],[122.560214,10.754895],[122.560214,10.759395],[122.555714,10.759395],[122.555714,10.754895]]]},"properties":{"confidence":"M","basis":"M-overall (see _provenance; CR-007 PR 7)"}},{"type":"Feature","geometry":{"type":"Polygon","coordinates":[[[122.555714,10.759395],[122.560214,10.759395],[122.560214,10.763895],[122.555714,10.763895],[122.555714,10.759395]]]},"properties":{"confidence":"M","basis":"M-overall (see _provenance; CR-007 PR 7)"}},{"type":"Feature","geometry":{"type":"Polygon","coordinates":[[[122.555714,10.763895],[122.560214,10.763895],[122.560214,10.768395],[122.555714,10.768395],[122.555714,10.763895]]]},"properties":{"confidence":"M","basis":"M-overall (see _provenance; CR-007 PR 7)"}},{"type":"Feature","geometry":{"type":"Polygon","coordinates":[[[122.555714,10.768395],[122.560214,10.768395],[122.560214,10.772895],[122.555714,10.772895],[122.555714,10.768395]]]},"properties":{"confidence":"M","basis":"M-overall (see _provenance; CR-007 PR 7)"}},{"type":"Feature","geometry":{"type":"Polygon","coordinates":[[[122.555714,10.772895],[122.560214,10.772895],[122.560214,10.777395],[122.555714,10.777395],[122.555714,10.772895]]]},"properties":{"confidence":"M","basis":"M-overall (see _provenance; CR-007 PR 7)"}},{"type":"Feature","geometry":{"type":"Polygon","coordinates":[[[122.555714,10.777395],[122.560214,10.777395],[122.560214,10.781895],[122.555714,10.781895],[122.555714,10.777395]]]},"properties":{"confidence":"M","basis":"M-overall (see _provenance; CR-007 PR 7)"}},{"type":"Feature","geometry":{"type":"Polygon","coordinates":[[[122.555714,10.781895],[122.560214,10.781895],[122.560214,10.786395],[122.555714,10.786395],[122.555714,10.781895]]]},"properties":{"confidence":"M","basis":"M-overall (see _provenance; CR-007 PR 7)"}},{"type":"Feature","geometry":{"type":"Polygon","coordinates":[[[122.555714,10.786395],[122.560214,10.786395],[122.560214,10.790895],[122.555714,10.790895],[122.555714,10.786395]]]},"properties":{"confidence":"M","basis":"M-overall (see _provenance; CR-007 PR 7)"}},{"type":"Feature","geometry":{"type":"Polygon","coordinates":[[[122.555714,10.790895],[122.560214,10.790895],[122.560214,10.795395],[122.555714,10.795395],[122.555714,10.790895]]]},"properties":{"confidence":"M","basis":"M-overall (see _provenance; CR-007 PR 7)"}},{"type":"Feature","geometry":{"type":"Polygon","coordinates":[[[122.555714,10.795395],[122.560214,10.795395],[122.560214,10.799895],[122.555714,10.799895],[122.555714,10.795395]]]},"properties":{"confidence":"M","basis":"M-overall (see _provenance; CR-007 PR 7)"}},{"type":"Feature","geometry":{"type":"Polygon","coordinates":[[[122.555714,10.799895],[122.560214,10.799895],[122.560214,10.804395],[122.555714,10.804395],[122.555714,10.799895]]]},"properties":{"confidence":"M","basis":"M-overall (see _provenance; CR-007 PR 7)"}},{"type":"Feature","geometry":{"type":"Polygon","coordinates":[[[122.555714,10.804395],[122.560214,10.804395],[122.560214,10.808895],[122.555714,10.808895],[122.555714,10.804395]]]},"properties":{"confidence":"M","basis":"M-overall (see _provenance; CR-007 PR 7)"}},{"type":"Feature","geometry":{"type":"Polygon","coordinates":[[[122.555714,10.808895],[122.560214,10.808895],[122.560214,10.812253495426909],[122.555714,10.812253495426909],[122.555714,10.808895]]]},"properties":{"confidence":"M","basis":"M-overall (see _provenance; CR-007 PR 7)"}},{"type":"Feature","geometry":{"type":"Polygon","coordinates":[[[122.560214,10.637895],[122.564714,10.637895],[122.564714,10.642395],[122.560214,10.642395],[122.560214,10.637895]]]},"properties":{"confidence":"M","basis":"M-overall (see _provenance; CR-007 PR 7)"}},{"type":"Feature","geometry":{"type":"Polygon","coordinates":[[[122.560214,10.642395],[122.564714,10.642395],[122.564714,10.646895],[122.560214,10.646895],[122.560214,10.642395]]]},"properties":{"confidence":"M","basis":"M-overall (see _provenance; CR-007 PR 7)"}},{"type":"Feature","geometry":{"type":"Polygon","coordinates":[[[122.560214,10.646895],[122.564714,10.646895],[122.564714,10.651395],[122.560214,10.651395],[122.560214,10.646895]]]},"properties":{"confidence":"M","basis":"M-overall (see _provenance; CR-007 PR 7)"}},{"type":"Feature","geometry":{"type":"Polygon","coordinates":[[[122.560214,10.651395],[122.564714,10.651395],[122.564714,10.655895],[122.560214,10.655895],[122.560214,10.651395]]]},"properties":{"confidence":"M","basis":"M-overall (see _provenance; CR-007 PR 7)"}},{"type":"Feature","geometry":{"type":"Polygon","coordinates":[[[122.560214,10.655895],[122.564714,10.655895],[122.564714,10.660395],[122.560214,10.660395],[122.560214,10.655895]]]},"properties":{"confidence":"M","basis":"M-overall (see _provenance; CR-007 PR 7)"}},{"type":"Feature","geometry":{"type":"Polygon","coordinates":[[[122.560214,10.660395],[122.564714,10.660395],[122.564714,10.664895],[122.560214,10.664895],[122.560214,10.660395]]]},"properties":{"confidence":"M","basis":"M-overall (see _provenance; CR-007 PR 7)"}},{"type":"Feature","geometry":{"type":"Polygon","coordinates":[[[122.560214,10.664895],[122.564714,10.664895],[122.564714,10.669395],[122.560214,10.669395],[122.560214,10.664895]]]},"properties":{"confidence":"M","basis":"M-overall (see _provenance; CR-007 PR 7)"}},{"type":"Feature","geometry":{"type":"Polygon","coordinates":[[[122.560214,10.669395],[122.564714,10.669395],[122.564714,10.673895],[122.560214,10.673895],[122.560214,10.669395]]]},"properties":{"confidence":"M","basis":"M-overall (see _provenance; CR-007 PR 7)"}},{"type":"Feature","geometry":{"type":"Polygon","coordinates":[[[122.560214,10.673895],[122.564714,10.673895],[122.564714,10.678395],[122.560214,10.678395],[122.560214,10.673895]]]},"properties":{"confidence":"M","basis":"M-overall (see _provenance; CR-007 PR 7)"}},{"type":"Feature","geometry":{"type":"Polygon","coordinates":[[[122.560214,10.678395],[122.564714,10.678395],[122.564714,10.682895],[122.560214,10.682895],[122.560214,10.678395]]]},"properties":{"confidence":"M","basis":"M-overall (see _provenance; CR-007 PR 7)"}},{"type":"Feature","geometry":{"type":"Polygon","coordinates":[[[122.560214,10.682895],[122.564714,10.682895],[122.564714,10.687395],[122.560214,10.687395],[122.560214,10.682895]]]},"properties":{"confidence":"M","basis":"M-overall (see _provenance; CR-007 PR 7)"}},{"type":"Feature","geometry":{"type":"Polygon","coordinates":[[[122.560214,10.687395],[122.564714,10.687395],[122.564714,10.691895],[122.560214,10.691895],[122.560214,10.687395]]]},"properties":{"confidence":"M","basis":"M-overall (see _provenance; CR-007 PR 7)"}},{"type":"Feature","geometry":{"type":"Polygon","coordinates":[[[122.560214,10.691895],[122.564714,10.691895],[122.564714,10.696395],[122.560214,10.696395],[122.560214,10.691895]]]},"properties":{"confidence":"M","basis":"M-overall (see _provenance; CR-007 PR 7)"}},{"type":"Feature","geometry":{"type":"Polygon","coordinates":[[[122.560214,10.696395],[122.564714,10.696395],[122.564714,10.700895],[122.560214,10.700895],[122.560214,10.696395]]]},"properties":{"confidence":"M","basis":"M-overall (see _provenance; CR-007 PR 7)"}},{"type":"Feature","geometry":{"type":"Polygon","coordinates":[[[122.560214,10.700895],[122.564714,10.700895],[122.564714,10.705395],[122.560214,10.705395],[122.560214,10.700895]]]},"properties":{"confidence":"M","basis":"M-overall (see _provenance; CR-007 PR 7)"}},{"type":"Feature","geometry":{"type":"Polygon","coordinates":[[[122.560214,10.705395],[122.564714,10.705395],[122.564714,10.709895],[122.560214,10.709895],[122.560214,10.705395]]]},"properties":{"confidence":"M","basis":"M-overall (see _provenance; CR-007 PR 7)"}},{"type":"Feature","geometry":{"type":"Polygon","coordinates":[[[122.560214,10.709895],[122.564714,10.709895],[122.564714,10.714395],[122.560214,10.714395],[122.560214,10.709895]]]},"properties":{"confidence":"M","basis":"M-overall (see _provenance; CR-007 PR 7)"}},{"type":"Feature","geometry":{"type":"Polygon","coordinates":[[[122.560214,10.714395],[122.564714,10.714395],[122.564714,10.718895],[122.560214,10.718895],[122.560214,10.714395]]]},"properties":{"confidence":"M","basis":"M-overall (see _provenance; CR-007 PR 7)"}},{"type":"Feature","geometry":{"type":"Polygon","coordinates":[[[122.560214,10.718895],[122.564714,10.718895],[122.564714,10.723395],[122.560214,10.723395],[122.560214,10.718895]]]},"properties":{"confidence":"M","basis":"M-overall (see _provenance; CR-007 PR 7)"}},{"type":"Feature","geometry":{"type":"Polygon","coordinates":[[[122.560214,10.723395],[122.564714,10.723395],[122.564714,10.727895],[122.560214,10.727895],[122.560214,10.723395]]]},"properties":{"confidence":"M","basis":"M-overall (see _provenance; CR-007 PR 7)"}},{"type":"Feature","geometry":{"type":"Polygon","coordinates":[[[122.560214,10.727895],[122.564714,10.727895],[122.564714,10.732395],[122.560214,10.732395],[122.560214,10.727895]]]},"properties":{"confidence":"M","basis":"M-overall (see _provenance; CR-007 PR 7)"}},{"type":"Feature","geometry":{"type":"Polygon","coordinates":[[[122.560214,10.732395],[122.564714,10.732395],[122.564714,10.736895],[122.560214,10.736895],[122.560214,10.732395]]]},"properties":{"confidence":"M","basis":"M-overall (see _provenance; CR-007 PR 7)"}},{"type":"Feature","geometry":{"type":"Polygon","coordinates":[[[122.560214,10.736895],[122.564714,10.736895],[122.564714,10.741395],[122.560214,10.741395],[122.560214,10.736895]]]},"properties":{"confidence":"M","basis":"M-overall (see _provenance; CR-007 PR 7)"}},{"type":"Feature","geometry":{"type":"Polygon","coordinates":[[[122.560214,10.741395],[122.564714,10.741395],[122.564714,10.745895],[122.560214,10.745895],[122.560214,10.741395]]]},"properties":{"confidence":"M","basis":"M-overall (see _provenance; CR-007 PR 7)"}},{"type":"Feature","geometry":{"type":"Polygon","coordinates":[[[122.560214,10.745895],[122.564714,10.745895],[122.564714,10.750395],[122.560214,10.750395],[122.560214,10.745895]]]},"properties":{"confidence":"M","basis":"M-overall (see _provenance; CR-007 PR 7)"}},{"type":"Feature","geometry":{"type":"Polygon","coordinates":[[[122.560214,10.750395],[122.564714,10.750395],[122.564714,10.754895],[122.560214,10.754895],[122.560214,10.750395]]]},"properties":{"confidence":"M","basis":"M-overall (see _provenance; CR-007 PR 7)"}},{"type":"Feature","geometry":{"type":"Polygon","coordinates":[[[122.560214,10.754895],[122.564714,10.754895],[122.564714,10.759395],[122.560214,10.759395],[122.560214,10.754895]]]},"properties":{"confidence":"M","basis":"M-overall (see _provenance; CR-007 PR 7)"}},{"type":"Feature","geometry":{"type":"Polygon","coordinates":[[[122.560214,10.759395],[122.564714,10.759395],[122.564714,10.763895],[122.560214,10.763895],[122.560214,10.759395]]]},"properties":{"confidence":"M","basis":"M-overall (see _provenance; CR-007 PR 7)"}},{"type":"Feature","geometry":{"type":"Polygon","coordinates":[[[122.560214,10.763895],[122.564714,10.763895],[122.564714,10.768395],[122.560214,10.768395],[122.560214,10.763895]]]},"properties":{"confidence":"M","basis":"M-overall (see _provenance; CR-007 PR 7)"}},{"type":"Feature","geometry":{"type":"Polygon","coordinates":[[[122.560214,10.768395],[122.564714,10.768395],[122.564714,10.772895],[122.560214,10.772895],[122.560214,10.768395]]]},"properties":{"confidence":"M","basis":"M-overall (see _provenance; CR-007 PR 7)"}},{"type":"Feature","geometry":{"type":"Polygon","coordinates":[[[122.560214,10.772895],[122.564714,10.772895],[122.564714,10.777395],[122.560214,10.777395],[122.560214,10.772895]]]},"properties":{"confidence":"M","basis":"M-overall (see _provenance; CR-007 PR 7)"}},{"type":"Feature","geometry":{"type":"Polygon","coordinates":[[[122.560214,10.777395],[122.564714,10.777395],[122.564714,10.781895],[122.560214,10.781895],[122.560214,10.777395]]]},"properties":{"confidence":"M","basis":"M-overall (see _provenance; CR-007 PR 7)"}},{"type":"Feature","geometry":{"type":"Polygon","coordinates":[[[122.560214,10.781895],[122.564714,10.781895],[122.564714,10.786395],[122.560214,10.786395],[122.560214,10.781895]]]},"properties":{"confidence":"M","basis":"M-overall (see _provenance; CR-007 PR 7)"}},{"type":"Feature","geometry":{"type":"Polygon","coordinates":[[[122.560214,10.786395],[122.564714,10.786395],[122.564714,10.790895],[122.560214,10.790895],[122.560214,10.786395]]]},"properties":{"confidence":"M","basis":"M-overall (see _provenance; CR-007 PR 7)"}},{"type":"Feature","geometry":{"type":"Polygon","coordinates":[[[122.560214,10.790895],[122.564714,10.790895],[122.564714,10.795395],[122.560214,10.795395],[122.560214,10.790895]]]},"properties":{"confidence":"M","basis":"M-overall (see _provenance; CR-007 PR 7)"}},{"type":"Feature","geometry":{"type":"Polygon","coordinates":[[[122.560214,10.795395],[122.564714,10.795395],[122.564714,10.799895],[122.560214,10.799895],[122.560214,10.795395]]]},"properties":{"confidence":"M","basis":"M-overall (see _provenance; CR-007 PR 7)"}},{"type":"Feature","geometry":{"type":"Polygon","coordinates":[[[122.560214,10.799895],[122.564714,10.799895],[122.564714,10.804395],[122.560214,10.804395],[122.560214,10.799895]]]},"properties":{"confidence":"M","basis":"M-overall (see _provenance; CR-007 PR 7)"}},{"type":"Feature","geometry":{"type":"Polygon","coordinates":[[[122.560214,10.804395],[122.564714,10.804395],[122.564714,10.808895],[122.560214,10.808895],[122.560214,10.804395]]]},"properties":{"confidence":"M","basis":"M-overall (see _provenance; CR-007 PR 7)"}},{"type":"Feature","geometry":{"type":"Polygon","coordinates":[[[122.560214,10.808895],[122.564714,10.808895],[122.564714,10.812253495426909],[122.560214,10.812253495426909],[122.560214,10.808895]]]},"properties":{"confidence":"M","basis":"M-overall (see _provenance; CR-007 PR 7)"}},{"type":"Feature","geometry":{"type":"Polygon","coordinates":[[[122.564714,10.637895],[122.569214,10.637895],[122.569214,10.642395],[122.564714,10.642395],[122.564714,10.637895]]]},"properties":{"confidence":"M","basis":"M-overall (see _provenance; CR-007 PR 7)"}},{"type":"Feature","geometry":{"type":"Polygon","coordinates":[[[122.564714,10.642395],[122.569214,10.642395],[122.569214,10.646895],[122.564714,10.646895],[122.564714,10.642395]]]},"properties":{"confidence":"M","basis":"M-overall (see _provenance; CR-007 PR 7)"}},{"type":"Feature","geometry":{"type":"Polygon","coordinates":[[[122.564714,10.646895],[122.569214,10.646895],[122.569214,10.651395],[122.564714,10.651395],[122.564714,10.646895]]]},"properties":{"confidence":"M","basis":"M-overall (see _provenance; CR-007 PR 7)"}},{"type":"Feature","geometry":{"type":"Polygon","coordinates":[[[122.564714,10.651395],[122.569214,10.651395],[122.569214,10.655895],[122.564714,10.655895],[122.564714,10.651395]]]},"properties":{"confidence":"M","basis":"M-overall (see _provenance; CR-007 PR 7)"}},{"type":"Feature","geometry":{"type":"Polygon","coordinates":[[[122.564714,10.655895],[122.569214,10.655895],[122.569214,10.660395],[122.564714,10.660395],[122.564714,10.655895]]]},"properties":{"confidence":"M","basis":"M-overall (see _provenance; CR-007 PR 7)"}},{"type":"Feature","geometry":{"type":"Polygon","coordinates":[[[122.564714,10.660395],[122.569214,10.660395],[122.569214,10.664895],[122.564714,10.664895],[122.564714,10.660395]]]},"properties":{"confidence":"M","basis":"M-overall (see _provenance; CR-007 PR 7)"}},{"type":"Feature","geometry":{"type":"Polygon","coordinates":[[[122.564714,10.664895],[122.569214,10.664895],[122.569214,10.669395],[122.564714,10.669395],[122.564714,10.664895]]]},"properties":{"confidence":"M","basis":"M-overall (see _provenance; CR-007 PR 7)"}},{"type":"Feature","geometry":{"type":"Polygon","coordinates":[[[122.564714,10.669395],[122.569214,10.669395],[122.569214,10.673895],[122.564714,10.673895],[122.564714,10.669395]]]},"properties":{"confidence":"M","basis":"M-overall (see _provenance; CR-007 PR 7)"}},{"type":"Feature","geometry":{"type":"Polygon","coordinates":[[[122.564714,10.673895],[122.569214,10.673895],[122.569214,10.678395],[122.564714,10.678395],[122.564714,10.673895]]]},"properties":{"confidence":"M","basis":"M-overall (see _provenance; CR-007 PR 7)"}},{"type":"Feature","geometry":{"type":"Polygon","coordinates":[[[122.564714,10.678395],[122.569214,10.678395],[122.569214,10.682895],[122.564714,10.682895],[122.564714,10.678395]]]},"properties":{"confidence":"M","basis":"M-overall (see _provenance; CR-007 PR 7)"}},{"type":"Feature","geometry":{"type":"Polygon","coordinates":[[[122.564714,10.682895],[122.569214,10.682895],[122.569214,10.687395],[122.564714,10.687395],[122.564714,10.682895]]]},"properties":{"confidence":"M","basis":"M-overall (see _provenance; CR-007 PR 7)"}},{"type":"Feature","geometry":{"type":"Polygon","coordinates":[[[122.564714,10.687395],[122.569214,10.687395],[122.569214,10.691895],[122.564714,10.691895],[122.564714,10.687395]]]},"properties":{"confidence":"M","basis":"M-overall (see _provenance; CR-007 PR 7)"}},{"type":"Feature","geometry":{"type":"Polygon","coordinates":[[[122.564714,10.691895],[122.569214,10.691895],[122.569214,10.696395],[122.564714,10.696395],[122.564714,10.691895]]]},"properties":{"confidence":"M","basis":"M-overall (see _provenance; CR-007 PR 7)"}},{"type":"Feature","geometry":{"type":"Polygon","coordinates":[[[122.564714,10.696395],[122.569214,10.696395],[122.569214,10.700895],[122.564714,10.700895],[122.564714,10.696395]]]},"properties":{"confidence":"M","basis":"M-overall (see _provenance; CR-007 PR 7)"}},{"type":"Feature","geometry":{"type":"Polygon","coordinates":[[[122.564714,10.700895],[122.569214,10.700895],[122.569214,10.705395],[122.564714,10.705395],[122.564714,10.700895]]]},"properties":{"confidence":"M","basis":"M-overall (see _provenance; CR-007 PR 7)"}},{"type":"Feature","geometry":{"type":"Polygon","coordinates":[[[122.564714,10.705395],[122.569214,10.705395],[122.569214,10.709895],[122.564714,10.709895],[122.564714,10.705395]]]},"properties":{"confidence":"M","basis":"M-overall (see _provenance; CR-007 PR 7)"}},{"type":"Feature","geometry":{"type":"Polygon","coordinates":[[[122.564714,10.709895],[122.569214,10.709895],[122.569214,10.714395],[122.564714,10.714395],[122.564714,10.709895]]]},"properties":{"confidence":"M","basis":"M-overall (see _provenance; CR-007 PR 7)"}},{"type":"Feature","geometry":{"type":"Polygon","coordinates":[[[122.564714,10.714395],[122.569214,10.714395],[122.569214,10.718895],[122.564714,10.718895],[122.564714,10.714395]]]},"properties":{"confidence":"M","basis":"M-overall (see _provenance; CR-007 PR 7)"}},{"type":"Feature","geometry":{"type":"Polygon","coordinates":[[[122.564714,10.718895],[122.569214,10.718895],[122.569214,10.723395],[122.564714,10.723395],[122.564714,10.718895]]]},"properties":{"confidence":"M","basis":"M-overall (see _provenance; CR-007 PR 7)"}},{"type":"Feature","geometry":{"type":"Polygon","coordinates":[[[122.564714,10.723395],[122.569214,10.723395],[122.569214,10.727895],[122.564714,10.727895],[122.564714,10.723395]]]},"properties":{"confidence":"M","basis":"M-overall (see _provenance; CR-007 PR 7)"}},{"type":"Feature","geometry":{"type":"Polygon","coordinates":[[[122.564714,10.727895],[122.569214,10.727895],[122.569214,10.732395],[122.564714,10.732395],[122.564714,10.727895]]]},"properties":{"confidence":"M","basis":"M-overall (see _provenance; CR-007 PR 7)"}},{"type":"Feature","geometry":{"type":"Polygon","coordinates":[[[122.564714,10.732395],[122.569214,10.732395],[122.569214,10.736895],[122.564714,10.736895],[122.564714,10.732395]]]},"properties":{"confidence":"M","basis":"M-overall (see _provenance; CR-007 PR 7)"}},{"type":"Feature","geometry":{"type":"Polygon","coordinates":[[[122.564714,10.736895],[122.569214,10.736895],[122.569214,10.741395],[122.564714,10.741395],[122.564714,10.736895]]]},"properties":{"confidence":"M","basis":"M-overall (see _provenance; CR-007 PR 7)"}},{"type":"Feature","geometry":{"type":"Polygon","coordinates":[[[122.564714,10.741395],[122.569214,10.741395],[122.569214,10.745895],[122.564714,10.745895],[122.564714,10.741395]]]},"properties":{"confidence":"M","basis":"M-overall (see _provenance; CR-007 PR 7)"}},{"type":"Feature","geometry":{"type":"Polygon","coordinates":[[[122.564714,10.745895],[122.569214,10.745895],[122.569214,10.750395],[122.564714,10.750395],[122.564714,10.745895]]]},"properties":{"confidence":"M","basis":"M-overall (see _provenance; CR-007 PR 7)"}},{"type":"Feature","geometry":{"type":"Polygon","coordinates":[[[122.564714,10.750395],[122.569214,10.750395],[122.569214,10.754895],[122.564714,10.754895],[122.564714,10.750395]]]},"properties":{"confidence":"M","basis":"M-overall (see _provenance; CR-007 PR 7)"}},{"type":"Feature","geometry":{"type":"Polygon","coordinates":[[[122.564714,10.754895],[122.569214,10.754895],[122.569214,10.759395],[122.564714,10.759395],[122.564714,10.754895]]]},"properties":{"confidence":"M","basis":"M-overall (see _provenance; CR-007 PR 7)"}},{"type":"Feature","geometry":{"type":"Polygon","coordinates":[[[122.564714,10.759395],[122.569214,10.759395],[122.569214,10.763895],[122.564714,10.763895],[122.564714,10.759395]]]},"properties":{"confidence":"M","basis":"M-overall (see _provenance; CR-007 PR 7)"}},{"type":"Feature","geometry":{"type":"Polygon","coordinates":[[[122.564714,10.763895],[122.569214,10.763895],[122.569214,10.768395],[122.564714,10.768395],[122.564714,10.763895]]]},"properties":{"confidence":"M","basis":"M-overall (see _provenance; CR-007 PR 7)"}},{"type":"Feature","geometry":{"type":"Polygon","coordinates":[[[122.564714,10.768395],[122.569214,10.768395],[122.569214,10.772895],[122.564714,10.772895],[122.564714,10.768395]]]},"properties":{"confidence":"M","basis":"M-overall (see _provenance; CR-007 PR 7)"}},{"type":"Feature","geometry":{"type":"Polygon","coordinates":[[[122.564714,10.772895],[122.569214,10.772895],[122.569214,10.777395],[122.564714,10.777395],[122.564714,10.772895]]]},"properties":{"confidence":"M","basis":"M-overall (see _provenance; CR-007 PR 7)"}},{"type":"Feature","geometry":{"type":"Polygon","coordinates":[[[122.564714,10.777395],[122.569214,10.777395],[122.569214,10.781895],[122.564714,10.781895],[122.564714,10.777395]]]},"properties":{"confidence":"M","basis":"M-overall (see _provenance; CR-007 PR 7)"}},{"type":"Feature","geometry":{"type":"Polygon","coordinates":[[[122.564714,10.781895],[122.569214,10.781895],[122.569214,10.786395],[122.564714,10.786395],[122.564714,10.781895]]]},"properties":{"confidence":"M","basis":"M-overall (see _provenance; CR-007 PR 7)"}},{"type":"Feature","geometry":{"type":"Polygon","coordinates":[[[122.564714,10.786395],[122.569214,10.786395],[122.569214,10.790895],[122.564714,10.790895],[122.564714,10.786395]]]},"properties":{"confidence":"M","basis":"M-overall (see _provenance; CR-007 PR 7)"}},{"type":"Feature","geometry":{"type":"Polygon","coordinates":[[[122.564714,10.790895],[122.569214,10.790895],[122.569214,10.795395],[122.564714,10.795395],[122.564714,10.790895]]]},"properties":{"confidence":"M","basis":"M-overall (see _provenance; CR-007 PR 7)"}},{"type":"Feature","geometry":{"type":"Polygon","coordinates":[[[122.564714,10.795395],[122.569214,10.795395],[122.569214,10.799895],[122.564714,10.799895],[122.564714,10.795395]]]},"properties":{"confidence":"M","basis":"M-overall (see _provenance; CR-007 PR 7)"}},{"type":"Feature","geometry":{"type":"Polygon","coordinates":[[[122.564714,10.799895],[122.569214,10.799895],[122.569214,10.804395],[122.564714,10.804395],[122.564714,10.799895]]]},"properties":{"confidence":"M","basis":"M-overall (see _provenance; CR-007 PR 7)"}},{"type":"Feature","geometry":{"type":"Polygon","coordinates":[[[122.564714,10.804395],[122.569214,10.804395],[122.569214,10.808895],[122.564714,10.808895],[122.564714,10.804395]]]},"properties":{"confidence":"M","basis":"M-overall (see _provenance; CR-007 PR 7)"}},{"type":"Feature","geometry":{"type":"Polygon","coordinates":[[[122.564714,10.808895],[122.569214,10.808895],[122.569214,10.812253495426909],[122.564714,10.812253495426909],[122.564714,10.808895]]]},"properties":{"confidence":"M","basis":"M-overall (see _provenance; CR-007 PR 7)"}},{"type":"Feature","geometry":{"type":"Polygon","coordinates":[[[122.569214,10.637895],[122.573714,10.637895],[122.573714,10.642395],[122.569214,10.642395],[122.569214,10.637895]]]},"properties":{"confidence":"M","basis":"M-overall (see _provenance; CR-007 PR 7)"}},{"type":"Feature","geometry":{"type":"Polygon","coordinates":[[[122.569214,10.642395],[122.573714,10.642395],[122.573714,10.646895],[122.569214,10.646895],[122.569214,10.642395]]]},"properties":{"confidence":"M","basis":"M-overall (see _provenance; CR-007 PR 7)"}},{"type":"Feature","geometry":{"type":"Polygon","coordinates":[[[122.569214,10.646895],[122.573714,10.646895],[122.573714,10.651395],[122.569214,10.651395],[122.569214,10.646895]]]},"properties":{"confidence":"M","basis":"M-overall (see _provenance; CR-007 PR 7)"}},{"type":"Feature","geometry":{"type":"Polygon","coordinates":[[[122.569214,10.651395],[122.573714,10.651395],[122.573714,10.655895],[122.569214,10.655895],[122.569214,10.651395]]]},"properties":{"confidence":"M","basis":"M-overall (see _provenance; CR-007 PR 7)"}},{"type":"Feature","geometry":{"type":"Polygon","coordinates":[[[122.569214,10.655895],[122.573714,10.655895],[122.573714,10.660395],[122.569214,10.660395],[122.569214,10.655895]]]},"properties":{"confidence":"M","basis":"M-overall (see _provenance; CR-007 PR 7)"}},{"type":"Feature","geometry":{"type":"Polygon","coordinates":[[[122.569214,10.660395],[122.573714,10.660395],[122.573714,10.664895],[122.569214,10.664895],[122.569214,10.660395]]]},"properties":{"confidence":"M","basis":"M-overall (see _provenance; CR-007 PR 7)"}},{"type":"Feature","geometry":{"type":"Polygon","coordinates":[[[122.569214,10.664895],[122.573714,10.664895],[122.573714,10.669395],[122.569214,10.669395],[122.569214,10.664895]]]},"properties":{"confidence":"M","basis":"M-overall (see _provenance; CR-007 PR 7)"}},{"type":"Feature","geometry":{"type":"Polygon","coordinates":[[[122.569214,10.669395],[122.573714,10.669395],[122.573714,10.673895],[122.569214,10.673895],[122.569214,10.669395]]]},"properties":{"confidence":"M","basis":"M-overall (see _provenance; CR-007 PR 7)"}},{"type":"Feature","geometry":{"type":"Polygon","coordinates":[[[122.569214,10.673895],[122.573714,10.673895],[122.573714,10.678395],[122.569214,10.678395],[122.569214,10.673895]]]},"properties":{"confidence":"M","basis":"M-overall (see _provenance; CR-007 PR 7)"}},{"type":"Feature","geometry":{"type":"Polygon","coordinates":[[[122.569214,10.678395],[122.573714,10.678395],[122.573714,10.682895],[122.569214,10.682895],[122.569214,10.678395]]]},"properties":{"confidence":"M","basis":"M-overall (see _provenance; CR-007 PR 7)"}},{"type":"Feature","geometry":{"type":"Polygon","coordinates":[[[122.569214,10.682895],[122.573714,10.682895],[122.573714,10.687395],[122.569214,10.687395],[122.569214,10.682895]]]},"properties":{"confidence":"M","basis":"M-overall (see _provenance; CR-007 PR 7)"}},{"type":"Feature","geometry":{"type":"Polygon","coordinates":[[[122.569214,10.687395],[122.573714,10.687395],[122.573714,10.691895],[122.569214,10.691895],[122.569214,10.687395]]]},"properties":{"confidence":"M","basis":"M-overall (see _provenance; CR-007 PR 7)"}},{"type":"Feature","geometry":{"type":"Polygon","coordinates":[[[122.569214,10.691895],[122.573714,10.691895],[122.573714,10.696395],[122.569214,10.696395],[122.569214,10.691895]]]},"properties":{"confidence":"M","basis":"M-overall (see _provenance; CR-007 PR 7)"}},{"type":"Feature","geometry":{"type":"Polygon","coordinates":[[[122.569214,10.696395],[122.573714,10.696395],[122.573714,10.700895],[122.569214,10.700895],[122.569214,10.696395]]]},"properties":{"confidence":"M","basis":"M-overall (see _provenance; CR-007 PR 7)"}},{"type":"Feature","geometry":{"type":"Polygon","coordinates":[[[122.569214,10.700895],[122.573714,10.700895],[122.573714,10.705395],[122.569214,10.705395],[122.569214,10.700895]]]},"properties":{"confidence":"M","basis":"M-overall (see _provenance; CR-007 PR 7)"}},{"type":"Feature","geometry":{"type":"Polygon","coordinates":[[[122.569214,10.705395],[122.573714,10.705395],[122.573714,10.709895],[122.569214,10.709895],[122.569214,10.705395]]]},"properties":{"confidence":"M","basis":"M-overall (see _provenance; CR-007 PR 7)"}},{"type":"Feature","geometry":{"type":"Polygon","coordinates":[[[122.569214,10.709895],[122.573714,10.709895],[122.573714,10.714395],[122.569214,10.714395],[122.569214,10.709895]]]},"properties":{"confidence":"M","basis":"M-overall (see _provenance; CR-007 PR 7)"}},{"type":"Feature","geometry":{"type":"Polygon","coordinates":[[[122.569214,10.714395],[122.573714,10.714395],[122.573714,10.718895],[122.569214,10.718895],[122.569214,10.714395]]]},"properties":{"confidence":"M","basis":"M-overall (see _provenance; CR-007 PR 7)"}},{"type":"Feature","geometry":{"type":"Polygon","coordinates":[[[122.569214,10.718895],[122.573714,10.718895],[122.573714,10.723395],[122.569214,10.723395],[122.569214,10.718895]]]},"properties":{"confidence":"M","basis":"M-overall (see _provenance; CR-007 PR 7)"}},{"type":"Feature","geometry":{"type":"Polygon","coordinates":[[[122.569214,10.723395],[122.573714,10.723395],[122.573714,10.727895],[122.569214,10.727895],[122.569214,10.723395]]]},"properties":{"confidence":"M","basis":"M-overall (see _provenance; CR-007 PR 7)"}},{"type":"Feature","geometry":{"type":"Polygon","coordinates":[[[122.569214,10.727895],[122.573714,10.727895],[122.573714,10.732395],[122.569214,10.732395],[122.569214,10.727895]]]},"properties":{"confidence":"M","basis":"M-overall (see _provenance; CR-007 PR 7)"}},{"type":"Feature","geometry":{"type":"Polygon","coordinates":[[[122.569214,10.732395],[122.573714,10.732395],[122.573714,10.736895],[122.569214,10.736895],[122.569214,10.732395]]]},"properties":{"confidence":"M","basis":"M-overall (see _provenance; CR-007 PR 7)"}},{"type":"Feature","geometry":{"type":"Polygon","coordinates":[[[122.569214,10.736895],[122.573714,10.736895],[122.573714,10.741395],[122.569214,10.741395],[122.569214,10.736895]]]},"properties":{"confidence":"M","basis":"M-overall (see _provenance; CR-007 PR 7)"}},{"type":"Feature","geometry":{"type":"Polygon","coordinates":[[[122.569214,10.741395],[122.573714,10.741395],[122.573714,10.745895],[122.569214,10.745895],[122.569214,10.741395]]]},"properties":{"confidence":"M","basis":"M-overall (see _provenance; CR-007 PR 7)"}},{"type":"Feature","geometry":{"type":"Polygon","coordinates":[[[122.569214,10.745895],[122.573714,10.745895],[122.573714,10.750395],[122.569214,10.750395],[122.569214,10.745895]]]},"properties":{"confidence":"M","basis":"M-overall (see _provenance; CR-007 PR 7)"}},{"type":"Feature","geometry":{"type":"Polygon","coordinates":[[[122.569214,10.750395],[122.573714,10.750395],[122.573714,10.754895],[122.569214,10.754895],[122.569214,10.750395]]]},"properties":{"confidence":"M","basis":"M-overall (see _provenance; CR-007 PR 7)"}},{"type":"Feature","geometry":{"type":"Polygon","coordinates":[[[122.569214,10.754895],[122.573714,10.754895],[122.573714,10.759395],[122.569214,10.759395],[122.569214,10.754895]]]},"properties":{"confidence":"M","basis":"M-overall (see _provenance; CR-007 PR 7)"}},{"type":"Feature","geometry":{"type":"Polygon","coordinates":[[[122.569214,10.759395],[122.573714,10.759395],[122.573714,10.763895],[122.569214,10.763895],[122.569214,10.759395]]]},"properties":{"confidence":"M","basis":"M-overall (see _provenance; CR-007 PR 7)"}},{"type":"Feature","geometry":{"type":"Polygon","coordinates":[[[122.569214,10.763895],[122.573714,10.763895],[122.573714,10.768395],[122.569214,10.768395],[122.569214,10.763895]]]},"properties":{"confidence":"M","basis":"M-overall (see _provenance; CR-007 PR 7)"}},{"type":"Feature","geometry":{"type":"Polygon","coordinates":[[[122.569214,10.768395],[122.573714,10.768395],[122.573714,10.772895],[122.569214,10.772895],[122.569214,10.768395]]]},"properties":{"confidence":"M","basis":"M-overall (see _provenance; CR-007 PR 7)"}},{"type":"Feature","geometry":{"type":"Polygon","coordinates":[[[122.569214,10.772895],[122.573714,10.772895],[122.573714,10.777395],[122.569214,10.777395],[122.569214,10.772895]]]},"properties":{"confidence":"M","basis":"M-overall (see _provenance; CR-007 PR 7)"}},{"type":"Feature","geometry":{"type":"Polygon","coordinates":[[[122.569214,10.777395],[122.573714,10.777395],[122.573714,10.781895],[122.569214,10.781895],[122.569214,10.777395]]]},"properties":{"confidence":"M","basis":"M-overall (see _provenance; CR-007 PR 7)"}},{"type":"Feature","geometry":{"type":"Polygon","coordinates":[[[122.569214,10.781895],[122.573714,10.781895],[122.573714,10.786395],[122.569214,10.786395],[122.569214,10.781895]]]},"properties":{"confidence":"M","basis":"M-overall (see _provenance; CR-007 PR 7)"}},{"type":"Feature","geometry":{"type":"Polygon","coordinates":[[[122.569214,10.786395],[122.573714,10.786395],[122.573714,10.790895],[122.569214,10.790895],[122.569214,10.786395]]]},"properties":{"confidence":"M","basis":"M-overall (see _provenance; CR-007 PR 7)"}},{"type":"Feature","geometry":{"type":"Polygon","coordinates":[[[122.569214,10.790895],[122.573714,10.790895],[122.573714,10.795395],[122.569214,10.795395],[122.569214,10.790895]]]},"properties":{"confidence":"M","basis":"M-overall (see _provenance; CR-007 PR 7)"}},{"type":"Feature","geometry":{"type":"Polygon","coordinates":[[[122.569214,10.795395],[122.573714,10.795395],[122.573714,10.799895],[122.569214,10.799895],[122.569214,10.795395]]]},"properties":{"confidence":"M","basis":"M-overall (see _provenance; CR-007 PR 7)"}},{"type":"Feature","geometry":{"type":"Polygon","coordinates":[[[122.569214,10.799895],[122.573714,10.799895],[122.573714,10.804395],[122.569214,10.804395],[122.569214,10.799895]]]},"properties":{"confidence":"M","basis":"M-overall (see _provenance; CR-007 PR 7)"}},{"type":"Feature","geometry":{"type":"Polygon","coordinates":[[[122.569214,10.804395],[122.573714,10.804395],[122.573714,10.808895],[122.569214,10.808895],[122.569214,10.804395]]]},"properties":{"confidence":"M","basis":"M-overall (see _provenance; CR-007 PR 7)"}},{"type":"Feature","geometry":{"type":"Polygon","coordinates":[[[122.569214,10.808895],[122.573714,10.808895],[122.573714,10.812253495426909],[122.569214,10.812253495426909],[122.569214,10.808895]]]},"properties":{"confidence":"M","basis":"M-overall (see _provenance; CR-007 PR 7)"}},{"type":"Feature","geometry":{"type":"Polygon","coordinates":[[[122.573714,10.637895],[122.578214,10.637895],[122.578214,10.642395],[122.573714,10.642395],[122.573714,10.637895]]]},"properties":{"confidence":"M","basis":"M-overall (see _provenance; CR-007 PR 7)"}},{"type":"Feature","geometry":{"type":"Polygon","coordinates":[[[122.573714,10.642395],[122.578214,10.642395],[122.578214,10.646895],[122.573714,10.646895],[122.573714,10.642395]]]},"properties":{"confidence":"M","basis":"M-overall (see _provenance; CR-007 PR 7)"}},{"type":"Feature","geometry":{"type":"Polygon","coordinates":[[[122.573714,10.646895],[122.578214,10.646895],[122.578214,10.651395],[122.573714,10.651395],[122.573714,10.646895]]]},"properties":{"confidence":"M","basis":"M-overall (see _provenance; CR-007 PR 7)"}},{"type":"Feature","geometry":{"type":"Polygon","coordinates":[[[122.573714,10.651395],[122.578214,10.651395],[122.578214,10.655895],[122.573714,10.655895],[122.573714,10.651395]]]},"properties":{"confidence":"M","basis":"M-overall (see _provenance; CR-007 PR 7)"}},{"type":"Feature","geometry":{"type":"Polygon","coordinates":[[[122.573714,10.655895],[122.578214,10.655895],[122.578214,10.660395],[122.573714,10.660395],[122.573714,10.655895]]]},"properties":{"confidence":"M","basis":"M-overall (see _provenance; CR-007 PR 7)"}},{"type":"Feature","geometry":{"type":"Polygon","coordinates":[[[122.573714,10.660395],[122.578214,10.660395],[122.578214,10.664895],[122.573714,10.664895],[122.573714,10.660395]]]},"properties":{"confidence":"M","basis":"M-overall (see _provenance; CR-007 PR 7)"}},{"type":"Feature","geometry":{"type":"Polygon","coordinates":[[[122.573714,10.664895],[122.578214,10.664895],[122.578214,10.669395],[122.573714,10.669395],[122.573714,10.664895]]]},"properties":{"confidence":"M","basis":"M-overall (see _provenance; CR-007 PR 7)"}},{"type":"Feature","geometry":{"type":"Polygon","coordinates":[[[122.573714,10.669395],[122.578214,10.669395],[122.578214,10.673895],[122.573714,10.673895],[122.573714,10.669395]]]},"properties":{"confidence":"M","basis":"M-overall (see _provenance; CR-007 PR 7)"}},{"type":"Feature","geometry":{"type":"Polygon","coordinates":[[[122.573714,10.673895],[122.578214,10.673895],[122.578214,10.678395],[122.573714,10.678395],[122.573714,10.673895]]]},"properties":{"confidence":"M","basis":"M-overall (see _provenance; CR-007 PR 7)"}},{"type":"Feature","geometry":{"type":"Polygon","coordinates":[[[122.573714,10.678395],[122.578214,10.678395],[122.578214,10.682895],[122.573714,10.682895],[122.573714,10.678395]]]},"properties":{"confidence":"M","basis":"M-overall (see _provenance; CR-007 PR 7)"}},{"type":"Feature","geometry":{"type":"Polygon","coordinates":[[[122.573714,10.682895],[122.578214,10.682895],[122.578214,10.687395],[122.573714,10.687395],[122.573714,10.682895]]]},"properties":{"confidence":"M","basis":"M-overall (see _provenance; CR-007 PR 7)"}},{"type":"Feature","geometry":{"type":"Polygon","coordinates":[[[122.573714,10.687395],[122.578214,10.687395],[122.578214,10.691895],[122.573714,10.691895],[122.573714,10.687395]]]},"properties":{"confidence":"M","basis":"M-overall (see _provenance; CR-007 PR 7)"}},{"type":"Feature","geometry":{"type":"Polygon","coordinates":[[[122.573714,10.691895],[122.578214,10.691895],[122.578214,10.696395],[122.573714,10.696395],[122.573714,10.691895]]]},"properties":{"confidence":"M","basis":"M-overall (see _provenance; CR-007 PR 7)"}},{"type":"Feature","geometry":{"type":"Polygon","coordinates":[[[122.573714,10.696395],[122.578214,10.696395],[122.578214,10.700895],[122.573714,10.700895],[122.573714,10.696395]]]},"properties":{"confidence":"M","basis":"M-overall (see _provenance; CR-007 PR 7)"}},{"type":"Feature","geometry":{"type":"Polygon","coordinates":[[[122.573714,10.700895],[122.578214,10.700895],[122.578214,10.705395],[122.573714,10.705395],[122.573714,10.700895]]]},"properties":{"confidence":"M","basis":"M-overall (see _provenance; CR-007 PR 7)"}},{"type":"Feature","geometry":{"type":"Polygon","coordinates":[[[122.573714,10.705395],[122.578214,10.705395],[122.578214,10.709895],[122.573714,10.709895],[122.573714,10.705395]]]},"properties":{"confidence":"M","basis":"M-overall (see _provenance; CR-007 PR 7)"}},{"type":"Feature","geometry":{"type":"Polygon","coordinates":[[[122.573714,10.709895],[122.578214,10.709895],[122.578214,10.714395],[122.573714,10.714395],[122.573714,10.709895]]]},"properties":{"confidence":"M","basis":"M-overall (see _provenance; CR-007 PR 7)"}},{"type":"Feature","geometry":{"type":"Polygon","coordinates":[[[122.573714,10.714395],[122.578214,10.714395],[122.578214,10.718895],[122.573714,10.718895],[122.573714,10.714395]]]},"properties":{"confidence":"M","basis":"M-overall (see _provenance; CR-007 PR 7)"}},{"type":"Feature","geometry":{"type":"Polygon","coordinates":[[[122.573714,10.718895],[122.578214,10.718895],[122.578214,10.723395],[122.573714,10.723395],[122.573714,10.718895]]]},"properties":{"confidence":"M","basis":"M-overall (see _provenance; CR-007 PR 7)"}},{"type":"Feature","geometry":{"type":"Polygon","coordinates":[[[122.573714,10.723395],[122.578214,10.723395],[122.578214,10.727895],[122.573714,10.727895],[122.573714,10.723395]]]},"properties":{"confidence":"M","basis":"M-overall (see _provenance; CR-007 PR 7)"}},{"type":"Feature","geometry":{"type":"Polygon","coordinates":[[[122.573714,10.727895],[122.578214,10.727895],[122.578214,10.732395],[122.573714,10.732395],[122.573714,10.727895]]]},"properties":{"confidence":"M","basis":"M-overall (see _provenance; CR-007 PR 7)"}},{"type":"Feature","geometry":{"type":"Polygon","coordinates":[[[122.573714,10.732395],[122.578214,10.732395],[122.578214,10.736895],[122.573714,10.736895],[122.573714,10.732395]]]},"properties":{"confidence":"M","basis":"M-overall (see _provenance; CR-007 PR 7)"}},{"type":"Feature","geometry":{"type":"Polygon","coordinates":[[[122.573714,10.736895],[122.578214,10.736895],[122.578214,10.741395],[122.573714,10.741395],[122.573714,10.736895]]]},"properties":{"confidence":"M","basis":"M-overall (see _provenance; CR-007 PR 7)"}},{"type":"Feature","geometry":{"type":"Polygon","coordinates":[[[122.573714,10.741395],[122.578214,10.741395],[122.578214,10.745895],[122.573714,10.745895],[122.573714,10.741395]]]},"properties":{"confidence":"M","basis":"M-overall (see _provenance; CR-007 PR 7)"}},{"type":"Feature","geometry":{"type":"Polygon","coordinates":[[[122.573714,10.745895],[122.578214,10.745895],[122.578214,10.750395],[122.573714,10.750395],[122.573714,10.745895]]]},"properties":{"confidence":"M","basis":"M-overall (see _provenance; CR-007 PR 7)"}},{"type":"Feature","geometry":{"type":"Polygon","coordinates":[[[122.573714,10.750395],[122.578214,10.750395],[122.578214,10.754895],[122.573714,10.754895],[122.573714,10.750395]]]},"properties":{"confidence":"M","basis":"M-overall (see _provenance; CR-007 PR 7)"}},{"type":"Feature","geometry":{"type":"Polygon","coordinates":[[[122.573714,10.754895],[122.578214,10.754895],[122.578214,10.759395],[122.573714,10.759395],[122.573714,10.754895]]]},"properties":{"confidence":"M","basis":"M-overall (see _provenance; CR-007 PR 7)"}},{"type":"Feature","geometry":{"type":"Polygon","coordinates":[[[122.573714,10.759395],[122.578214,10.759395],[122.578214,10.763895],[122.573714,10.763895],[122.573714,10.759395]]]},"properties":{"confidence":"M","basis":"M-overall (see _provenance; CR-007 PR 7)"}},{"type":"Feature","geometry":{"type":"Polygon","coordinates":[[[122.573714,10.763895],[122.578214,10.763895],[122.578214,10.768395],[122.573714,10.768395],[122.573714,10.763895]]]},"properties":{"confidence":"M","basis":"M-overall (see _provenance; CR-007 PR 7)"}},{"type":"Feature","geometry":{"type":"Polygon","coordinates":[[[122.573714,10.768395],[122.578214,10.768395],[122.578214,10.772895],[122.573714,10.772895],[122.573714,10.768395]]]},"properties":{"confidence":"M","basis":"M-overall (see _provenance; CR-007 PR 7)"}},{"type":"Feature","geometry":{"type":"Polygon","coordinates":[[[122.573714,10.772895],[122.578214,10.772895],[122.578214,10.777395],[122.573714,10.777395],[122.573714,10.772895]]]},"properties":{"confidence":"M","basis":"M-overall (see _provenance; CR-007 PR 7)"}},{"type":"Feature","geometry":{"type":"Polygon","coordinates":[[[122.573714,10.777395],[122.578214,10.777395],[122.578214,10.781895],[122.573714,10.781895],[122.573714,10.777395]]]},"properties":{"confidence":"M","basis":"M-overall (see _provenance; CR-007 PR 7)"}},{"type":"Feature","geometry":{"type":"Polygon","coordinates":[[[122.573714,10.781895],[122.578214,10.781895],[122.578214,10.786395],[122.573714,10.786395],[122.573714,10.781895]]]},"properties":{"confidence":"M","basis":"M-overall (see _provenance; CR-007 PR 7)"}},{"type":"Feature","geometry":{"type":"Polygon","coordinates":[[[122.573714,10.786395],[122.578214,10.786395],[122.578214,10.790895],[122.573714,10.790895],[122.573714,10.786395]]]},"properties":{"confidence":"M","basis":"M-overall (see _provenance; CR-007 PR 7)"}},{"type":"Feature","geometry":{"type":"Polygon","coordinates":[[[122.573714,10.790895],[122.578214,10.790895],[122.578214,10.795395],[122.573714,10.795395],[122.573714,10.790895]]]},"properties":{"confidence":"M","basis":"M-overall (see _provenance; CR-007 PR 7)"}},{"type":"Feature","geometry":{"type":"Polygon","coordinates":[[[122.573714,10.795395],[122.578214,10.795395],[122.578214,10.799895],[122.573714,10.799895],[122.573714,10.795395]]]},"properties":{"confidence":"M","basis":"M-overall (see _provenance; CR-007 PR 7)"}},{"type":"Feature","geometry":{"type":"Polygon","coordinates":[[[122.573714,10.799895],[122.578214,10.799895],[122.578214,10.804395],[122.573714,10.804395],[122.573714,10.799895]]]},"properties":{"confidence":"M","basis":"M-overall (see _provenance; CR-007 PR 7)"}},{"type":"Feature","geometry":{"type":"Polygon","coordinates":[[[122.573714,10.804395],[122.578214,10.804395],[122.578214,10.808895],[122.573714,10.808895],[122.573714,10.804395]]]},"properties":{"confidence":"M","basis":"M-overall (see _provenance; CR-007 PR 7)"}},{"type":"Feature","geometry":{"type":"Polygon","coordinates":[[[122.573714,10.808895],[122.578214,10.808895],[122.578214,10.812253495426909],[122.573714,10.812253495426909],[122.573714,10.808895]]]},"properties":{"confidence":"M","basis":"M-overall (see _provenance; CR-007 PR 7)"}},{"type":"Feature","geometry":{"type":"Polygon","coordinates":[[[122.578214,10.637895],[122.582714,10.637895],[122.582714,10.642395],[122.578214,10.642395],[122.578214,10.637895]]]},"properties":{"confidence":"M","basis":"M-overall (see _provenance; CR-007 PR 7)"}},{"type":"Feature","geometry":{"type":"Polygon","coordinates":[[[122.578214,10.642395],[122.582714,10.642395],[122.582714,10.646895],[122.578214,10.646895],[122.578214,10.642395]]]},"properties":{"confidence":"M","basis":"M-overall (see _provenance; CR-007 PR 7)"}},{"type":"Feature","geometry":{"type":"Polygon","coordinates":[[[122.578214,10.646895],[122.582714,10.646895],[122.582714,10.651395],[122.578214,10.651395],[122.578214,10.646895]]]},"properties":{"confidence":"M","basis":"M-overall (see _provenance; CR-007 PR 7)"}},{"type":"Feature","geometry":{"type":"Polygon","coordinates":[[[122.578214,10.651395],[122.582714,10.651395],[122.582714,10.655895],[122.578214,10.655895],[122.578214,10.651395]]]},"properties":{"confidence":"M","basis":"M-overall (see _provenance; CR-007 PR 7)"}},{"type":"Feature","geometry":{"type":"Polygon","coordinates":[[[122.578214,10.655895],[122.582714,10.655895],[122.582714,10.660395],[122.578214,10.660395],[122.578214,10.655895]]]},"properties":{"confidence":"M","basis":"M-overall (see _provenance; CR-007 PR 7)"}},{"type":"Feature","geometry":{"type":"Polygon","coordinates":[[[122.578214,10.660395],[122.582714,10.660395],[122.582714,10.664895],[122.578214,10.664895],[122.578214,10.660395]]]},"properties":{"confidence":"M","basis":"M-overall (see _provenance; CR-007 PR 7)"}},{"type":"Feature","geometry":{"type":"Polygon","coordinates":[[[122.578214,10.664895],[122.582714,10.664895],[122.582714,10.669395],[122.578214,10.669395],[122.578214,10.664895]]]},"properties":{"confidence":"M","basis":"M-overall (see _provenance; CR-007 PR 7)"}},{"type":"Feature","geometry":{"type":"Polygon","coordinates":[[[122.578214,10.669395],[122.582714,10.669395],[122.582714,10.673895],[122.578214,10.673895],[122.578214,10.669395]]]},"properties":{"confidence":"M","basis":"M-overall (see _provenance; CR-007 PR 7)"}},{"type":"Feature","geometry":{"type":"Polygon","coordinates":[[[122.578214,10.673895],[122.582714,10.673895],[122.582714,10.678395],[122.578214,10.678395],[122.578214,10.673895]]]},"properties":{"confidence":"M","basis":"M-overall (see _provenance; CR-007 PR 7)"}},{"type":"Feature","geometry":{"type":"Polygon","coordinates":[[[122.578214,10.678395],[122.582714,10.678395],[122.582714,10.682895],[122.578214,10.682895],[122.578214,10.678395]]]},"properties":{"confidence":"M","basis":"M-overall (see _provenance; CR-007 PR 7)"}},{"type":"Feature","geometry":{"type":"Polygon","coordinates":[[[122.578214,10.682895],[122.582714,10.682895],[122.582714,10.687395],[122.578214,10.687395],[122.578214,10.682895]]]},"properties":{"confidence":"M","basis":"M-overall (see _provenance; CR-007 PR 7)"}},{"type":"Feature","geometry":{"type":"Polygon","coordinates":[[[122.578214,10.687395],[122.582714,10.687395],[122.582714,10.691895],[122.578214,10.691895],[122.578214,10.687395]]]},"properties":{"confidence":"M","basis":"M-overall (see _provenance; CR-007 PR 7)"}},{"type":"Feature","geometry":{"type":"Polygon","coordinates":[[[122.578214,10.691895],[122.582714,10.691895],[122.582714,10.696395],[122.578214,10.696395],[122.578214,10.691895]]]},"properties":{"confidence":"M","basis":"M-overall (see _provenance; CR-007 PR 7)"}},{"type":"Feature","geometry":{"type":"Polygon","coordinates":[[[122.578214,10.696395],[122.582714,10.696395],[122.582714,10.700895],[122.578214,10.700895],[122.578214,10.696395]]]},"properties":{"confidence":"M","basis":"M-overall (see _provenance; CR-007 PR 7)"}},{"type":"Feature","geometry":{"type":"Polygon","coordinates":[[[122.578214,10.700895],[122.582714,10.700895],[122.582714,10.705395],[122.578214,10.705395],[122.578214,10.700895]]]},"properties":{"confidence":"M","basis":"M-overall (see _provenance; CR-007 PR 7)"}},{"type":"Feature","geometry":{"type":"Polygon","coordinates":[[[122.578214,10.705395],[122.582714,10.705395],[122.582714,10.709895],[122.578214,10.709895],[122.578214,10.705395]]]},"properties":{"confidence":"M","basis":"M-overall (see _provenance; CR-007 PR 7)"}},{"type":"Feature","geometry":{"type":"Polygon","coordinates":[[[122.578214,10.709895],[122.582714,10.709895],[122.582714,10.714395],[122.578214,10.714395],[122.578214,10.709895]]]},"properties":{"confidence":"M","basis":"M-overall (see _provenance; CR-007 PR 7)"}},{"type":"Feature","geometry":{"type":"Polygon","coordinates":[[[122.578214,10.714395],[122.582714,10.714395],[122.582714,10.718895],[122.578214,10.718895],[122.578214,10.714395]]]},"properties":{"confidence":"M","basis":"M-overall (see _provenance; CR-007 PR 7)"}},{"type":"Feature","geometry":{"type":"Polygon","coordinates":[[[122.578214,10.718895],[122.582714,10.718895],[122.582714,10.723395],[122.578214,10.723395],[122.578214,10.718895]]]},"properties":{"confidence":"M","basis":"M-overall (see _provenance; CR-007 PR 7)"}},{"type":"Feature","geometry":{"type":"Polygon","coordinates":[[[122.578214,10.723395],[122.582714,10.723395],[122.582714,10.727895],[122.578214,10.727895],[122.578214,10.723395]]]},"properties":{"confidence":"M","basis":"M-overall (see _provenance; CR-007 PR 7)"}},{"type":"Feature","geometry":{"type":"Polygon","coordinates":[[[122.578214,10.727895],[122.582714,10.727895],[122.582714,10.732395],[122.578214,10.732395],[122.578214,10.727895]]]},"properties":{"confidence":"M","basis":"M-overall (see _provenance; CR-007 PR 7)"}},{"type":"Feature","geometry":{"type":"Polygon","coordinates":[[[122.578214,10.732395],[122.582714,10.732395],[122.582714,10.736895],[122.578214,10.736895],[122.578214,10.732395]]]},"properties":{"confidence":"M","basis":"M-overall (see _provenance; CR-007 PR 7)"}},{"type":"Feature","geometry":{"type":"Polygon","coordinates":[[[122.578214,10.736895],[122.582714,10.736895],[122.582714,10.741395],[122.578214,10.741395],[122.578214,10.736895]]]},"properties":{"confidence":"M","basis":"M-overall (see _provenance; CR-007 PR 7)"}},{"type":"Feature","geometry":{"type":"Polygon","coordinates":[[[122.578214,10.741395],[122.582714,10.741395],[122.582714,10.745895],[122.578214,10.745895],[122.578214,10.741395]]]},"properties":{"confidence":"M","basis":"M-overall (see _provenance; CR-007 PR 7)"}},{"type":"Feature","geometry":{"type":"Polygon","coordinates":[[[122.578214,10.745895],[122.582714,10.745895],[122.582714,10.750395],[122.578214,10.750395],[122.578214,10.745895]]]},"properties":{"confidence":"M","basis":"M-overall (see _provenance; CR-007 PR 7)"}},{"type":"Feature","geometry":{"type":"Polygon","coordinates":[[[122.578214,10.750395],[122.582714,10.750395],[122.582714,10.754895],[122.578214,10.754895],[122.578214,10.750395]]]},"properties":{"confidence":"M","basis":"M-overall (see _provenance; CR-007 PR 7)"}},{"type":"Feature","geometry":{"type":"Polygon","coordinates":[[[122.578214,10.754895],[122.582714,10.754895],[122.582714,10.759395],[122.578214,10.759395],[122.578214,10.754895]]]},"properties":{"confidence":"M","basis":"M-overall (see _provenance; CR-007 PR 7)"}},{"type":"Feature","geometry":{"type":"Polygon","coordinates":[[[122.578214,10.759395],[122.582714,10.759395],[122.582714,10.763895],[122.578214,10.763895],[122.578214,10.759395]]]},"properties":{"confidence":"M","basis":"M-overall (see _provenance; CR-007 PR 7)"}},{"type":"Feature","geometry":{"type":"Polygon","coordinates":[[[122.578214,10.763895],[122.582714,10.763895],[122.582714,10.768395],[122.578214,10.768395],[122.578214,10.763895]]]},"properties":{"confidence":"M","basis":"M-overall (see _provenance; CR-007 PR 7)"}},{"type":"Feature","geometry":{"type":"Polygon","coordinates":[[[122.578214,10.768395],[122.582714,10.768395],[122.582714,10.772895],[122.578214,10.772895],[122.578214,10.768395]]]},"properties":{"confidence":"M","basis":"M-overall (see _provenance; CR-007 PR 7)"}},{"type":"Feature","geometry":{"type":"Polygon","coordinates":[[[122.578214,10.772895],[122.582714,10.772895],[122.582714,10.777395],[122.578214,10.777395],[122.578214,10.772895]]]},"properties":{"confidence":"M","basis":"M-overall (see _provenance; CR-007 PR 7)"}},{"type":"Feature","geometry":{"type":"Polygon","coordinates":[[[122.578214,10.777395],[122.582714,10.777395],[122.582714,10.781895],[122.578214,10.781895],[122.578214,10.777395]]]},"properties":{"confidence":"M","basis":"M-overall (see _provenance; CR-007 PR 7)"}},{"type":"Feature","geometry":{"type":"Polygon","coordinates":[[[122.578214,10.781895],[122.582714,10.781895],[122.582714,10.786395],[122.578214,10.786395],[122.578214,10.781895]]]},"properties":{"confidence":"M","basis":"M-overall (see _provenance; CR-007 PR 7)"}},{"type":"Feature","geometry":{"type":"Polygon","coordinates":[[[122.578214,10.786395],[122.582714,10.786395],[122.582714,10.790895],[122.578214,10.790895],[122.578214,10.786395]]]},"properties":{"confidence":"M","basis":"M-overall (see _provenance; CR-007 PR 7)"}},{"type":"Feature","geometry":{"type":"Polygon","coordinates":[[[122.578214,10.790895],[122.582714,10.790895],[122.582714,10.795395],[122.578214,10.795395],[122.578214,10.790895]]]},"properties":{"confidence":"M","basis":"M-overall (see _provenance; CR-007 PR 7)"}},{"type":"Feature","geometry":{"type":"Polygon","coordinates":[[[122.578214,10.795395],[122.582714,10.795395],[122.582714,10.799895],[122.578214,10.799895],[122.578214,10.795395]]]},"properties":{"confidence":"M","basis":"M-overall (see _provenance; CR-007 PR 7)"}},{"type":"Feature","geometry":{"type":"Polygon","coordinates":[[[122.578214,10.799895],[122.582714,10.799895],[122.582714,10.804395],[122.578214,10.804395],[122.578214,10.799895]]]},"properties":{"confidence":"M","basis":"M-overall (see _provenance; CR-007 PR 7)"}},{"type":"Feature","geometry":{"type":"Polygon","coordinates":[[[122.578214,10.804395],[122.582714,10.804395],[122.582714,10.808895],[122.578214,10.808895],[122.578214,10.804395]]]},"properties":{"confidence":"M","basis":"M-overall (see _provenance; CR-007 PR 7)"}},{"type":"Feature","geometry":{"type":"Polygon","coordinates":[[[122.578214,10.808895],[122.582714,10.808895],[122.582714,10.812253495426909],[122.578214,10.812253495426909],[122.578214,10.808895]]]},"properties":{"confidence":"M","basis":"M-overall (see _provenance; CR-007 PR 7)"}},{"type":"Feature","geometry":{"type":"Polygon","coordinates":[[[122.582714,10.637895],[122.587214,10.637895],[122.587214,10.642395],[122.582714,10.642395],[122.582714,10.637895]]]},"properties":{"confidence":"M","basis":"M-overall (see _provenance; CR-007 PR 7)"}},{"type":"Feature","geometry":{"type":"Polygon","coordinates":[[[122.582714,10.642395],[122.587214,10.642395],[122.587214,10.646895],[122.582714,10.646895],[122.582714,10.642395]]]},"properties":{"confidence":"M","basis":"M-overall (see _provenance; CR-007 PR 7)"}},{"type":"Feature","geometry":{"type":"Polygon","coordinates":[[[122.582714,10.646895],[122.587214,10.646895],[122.587214,10.651395],[122.582714,10.651395],[122.582714,10.646895]]]},"properties":{"confidence":"M","basis":"M-overall (see _provenance; CR-007 PR 7)"}},{"type":"Feature","geometry":{"type":"Polygon","coordinates":[[[122.582714,10.651395],[122.587214,10.651395],[122.587214,10.655895],[122.582714,10.655895],[122.582714,10.651395]]]},"properties":{"confidence":"M","basis":"M-overall (see _provenance; CR-007 PR 7)"}},{"type":"Feature","geometry":{"type":"Polygon","coordinates":[[[122.582714,10.655895],[122.587214,10.655895],[122.587214,10.660395],[122.582714,10.660395],[122.582714,10.655895]]]},"properties":{"confidence":"M","basis":"M-overall (see _provenance; CR-007 PR 7)"}},{"type":"Feature","geometry":{"type":"Polygon","coordinates":[[[122.582714,10.660395],[122.587214,10.660395],[122.587214,10.664895],[122.582714,10.664895],[122.582714,10.660395]]]},"properties":{"confidence":"M","basis":"M-overall (see _provenance; CR-007 PR 7)"}},{"type":"Feature","geometry":{"type":"Polygon","coordinates":[[[122.582714,10.664895],[122.587214,10.664895],[122.587214,10.669395],[122.582714,10.669395],[122.582714,10.664895]]]},"properties":{"confidence":"M","basis":"M-overall (see _provenance; CR-007 PR 7)"}},{"type":"Feature","geometry":{"type":"Polygon","coordinates":[[[122.582714,10.669395],[122.587214,10.669395],[122.587214,10.673895],[122.582714,10.673895],[122.582714,10.669395]]]},"properties":{"confidence":"M","basis":"M-overall (see _provenance; CR-007 PR 7)"}},{"type":"Feature","geometry":{"type":"Polygon","coordinates":[[[122.582714,10.673895],[122.587214,10.673895],[122.587214,10.678395],[122.582714,10.678395],[122.582714,10.673895]]]},"properties":{"confidence":"M","basis":"M-overall (see _provenance; CR-007 PR 7)"}},{"type":"Feature","geometry":{"type":"Polygon","coordinates":[[[122.582714,10.678395],[122.587214,10.678395],[122.587214,10.682895],[122.582714,10.682895],[122.582714,10.678395]]]},"properties":{"confidence":"M","basis":"M-overall (see _provenance; CR-007 PR 7)"}},{"type":"Feature","geometry":{"type":"Polygon","coordinates":[[[122.582714,10.682895],[122.587214,10.682895],[122.587214,10.687395],[122.582714,10.687395],[122.582714,10.682895]]]},"properties":{"confidence":"M","basis":"M-overall (see _provenance; CR-007 PR 7)"}},{"type":"Feature","geometry":{"type":"Polygon","coordinates":[[[122.582714,10.687395],[122.587214,10.687395],[122.587214,10.691895],[122.582714,10.691895],[122.582714,10.687395]]]},"properties":{"confidence":"M","basis":"M-overall (see _provenance; CR-007 PR 7)"}},{"type":"Feature","geometry":{"type":"Polygon","coordinates":[[[122.582714,10.691895],[122.587214,10.691895],[122.587214,10.696395],[122.582714,10.696395],[122.582714,10.691895]]]},"properties":{"confidence":"M","basis":"M-overall (see _provenance; CR-007 PR 7)"}},{"type":"Feature","geometry":{"type":"Polygon","coordinates":[[[122.582714,10.696395],[122.587214,10.696395],[122.587214,10.700895],[122.582714,10.700895],[122.582714,10.696395]]]},"properties":{"confidence":"M","basis":"M-overall (see _provenance; CR-007 PR 7)"}},{"type":"Feature","geometry":{"type":"Polygon","coordinates":[[[122.582714,10.700895],[122.587214,10.700895],[122.587214,10.705395],[122.582714,10.705395],[122.582714,10.700895]]]},"properties":{"confidence":"M","basis":"M-overall (see _provenance; CR-007 PR 7)"}},{"type":"Feature","geometry":{"type":"Polygon","coordinates":[[[122.582714,10.705395],[122.587214,10.705395],[122.587214,10.709895],[122.582714,10.709895],[122.582714,10.705395]]]},"properties":{"confidence":"M","basis":"M-overall (see _provenance; CR-007 PR 7)"}},{"type":"Feature","geometry":{"type":"Polygon","coordinates":[[[122.582714,10.709895],[122.587214,10.709895],[122.587214,10.714395],[122.582714,10.714395],[122.582714,10.709895]]]},"properties":{"confidence":"M","basis":"M-overall (see _provenance; CR-007 PR 7)"}},{"type":"Feature","geometry":{"type":"Polygon","coordinates":[[[122.582714,10.714395],[122.587214,10.714395],[122.587214,10.718895],[122.582714,10.718895],[122.582714,10.714395]]]},"properties":{"confidence":"M","basis":"M-overall (see _provenance; CR-007 PR 7)"}},{"type":"Feature","geometry":{"type":"Polygon","coordinates":[[[122.582714,10.718895],[122.587214,10.718895],[122.587214,10.723395],[122.582714,10.723395],[122.582714,10.718895]]]},"properties":{"confidence":"M","basis":"M-overall (see _provenance; CR-007 PR 7)"}},{"type":"Feature","geometry":{"type":"Polygon","coordinates":[[[122.582714,10.723395],[122.587214,10.723395],[122.587214,10.727895],[122.582714,10.727895],[122.582714,10.723395]]]},"properties":{"confidence":"M","basis":"M-overall (see _provenance; CR-007 PR 7)"}},{"type":"Feature","geometry":{"type":"Polygon","coordinates":[[[122.582714,10.727895],[122.587214,10.727895],[122.587214,10.732395],[122.582714,10.732395],[122.582714,10.727895]]]},"properties":{"confidence":"M","basis":"M-overall (see _provenance; CR-007 PR 7)"}},{"type":"Feature","geometry":{"type":"Polygon","coordinates":[[[122.582714,10.732395],[122.587214,10.732395],[122.587214,10.736895],[122.582714,10.736895],[122.582714,10.732395]]]},"properties":{"confidence":"M","basis":"M-overall (see _provenance; CR-007 PR 7)"}},{"type":"Feature","geometry":{"type":"Polygon","coordinates":[[[122.582714,10.736895],[122.587214,10.736895],[122.587214,10.741395],[122.582714,10.741395],[122.582714,10.736895]]]},"properties":{"confidence":"M","basis":"M-overall (see _provenance; CR-007 PR 7)"}},{"type":"Feature","geometry":{"type":"Polygon","coordinates":[[[122.582714,10.741395],[122.587214,10.741395],[122.587214,10.745895],[122.582714,10.745895],[122.582714,10.741395]]]},"properties":{"confidence":"M","basis":"M-overall (see _provenance; CR-007 PR 7)"}},{"type":"Feature","geometry":{"type":"Polygon","coordinates":[[[122.582714,10.745895],[122.587214,10.745895],[122.587214,10.750395],[122.582714,10.750395],[122.582714,10.745895]]]},"properties":{"confidence":"M","basis":"M-overall (see _provenance; CR-007 PR 7)"}},{"type":"Feature","geometry":{"type":"Polygon","coordinates":[[[122.582714,10.750395],[122.587214,10.750395],[122.587214,10.754895],[122.582714,10.754895],[122.582714,10.750395]]]},"properties":{"confidence":"M","basis":"M-overall (see _provenance; CR-007 PR 7)"}},{"type":"Feature","geometry":{"type":"Polygon","coordinates":[[[122.582714,10.754895],[122.587214,10.754895],[122.587214,10.759395],[122.582714,10.759395],[122.582714,10.754895]]]},"properties":{"confidence":"M","basis":"M-overall (see _provenance; CR-007 PR 7)"}},{"type":"Feature","geometry":{"type":"Polygon","coordinates":[[[122.582714,10.759395],[122.587214,10.759395],[122.587214,10.763895],[122.582714,10.763895],[122.582714,10.759395]]]},"properties":{"confidence":"M","basis":"M-overall (see _provenance; CR-007 PR 7)"}},{"type":"Feature","geometry":{"type":"Polygon","coordinates":[[[122.582714,10.763895],[122.587214,10.763895],[122.587214,10.768395],[122.582714,10.768395],[122.582714,10.763895]]]},"properties":{"confidence":"M","basis":"M-overall (see _provenance; CR-007 PR 7)"}},{"type":"Feature","geometry":{"type":"Polygon","coordinates":[[[122.582714,10.768395],[122.587214,10.768395],[122.587214,10.772895],[122.582714,10.772895],[122.582714,10.768395]]]},"properties":{"confidence":"M","basis":"M-overall (see _provenance; CR-007 PR 7)"}},{"type":"Feature","geometry":{"type":"Polygon","coordinates":[[[122.582714,10.772895],[122.587214,10.772895],[122.587214,10.777395],[122.582714,10.777395],[122.582714,10.772895]]]},"properties":{"confidence":"M","basis":"M-overall (see _provenance; CR-007 PR 7)"}},{"type":"Feature","geometry":{"type":"Polygon","coordinates":[[[122.582714,10.777395],[122.587214,10.777395],[122.587214,10.781895],[122.582714,10.781895],[122.582714,10.777395]]]},"properties":{"confidence":"M","basis":"M-overall (see _provenance; CR-007 PR 7)"}},{"type":"Feature","geometry":{"type":"Polygon","coordinates":[[[122.582714,10.781895],[122.587214,10.781895],[122.587214,10.786395],[122.582714,10.786395],[122.582714,10.781895]]]},"properties":{"confidence":"M","basis":"M-overall (see _provenance; CR-007 PR 7)"}},{"type":"Feature","geometry":{"type":"Polygon","coordinates":[[[122.582714,10.786395],[122.587214,10.786395],[122.587214,10.790895],[122.582714,10.790895],[122.582714,10.786395]]]},"properties":{"confidence":"M","basis":"M-overall (see _provenance; CR-007 PR 7)"}},{"type":"Feature","geometry":{"type":"Polygon","coordinates":[[[122.582714,10.790895],[122.587214,10.790895],[122.587214,10.795395],[122.582714,10.795395],[122.582714,10.790895]]]},"properties":{"confidence":"M","basis":"M-overall (see _provenance; CR-007 PR 7)"}},{"type":"Feature","geometry":{"type":"Polygon","coordinates":[[[122.582714,10.795395],[122.587214,10.795395],[122.587214,10.799895],[122.582714,10.799895],[122.582714,10.795395]]]},"properties":{"confidence":"M","basis":"M-overall (see _provenance; CR-007 PR 7)"}},{"type":"Feature","geometry":{"type":"Polygon","coordinates":[[[122.582714,10.799895],[122.587214,10.799895],[122.587214,10.804395],[122.582714,10.804395],[122.582714,10.799895]]]},"properties":{"confidence":"M","basis":"M-overall (see _provenance; CR-007 PR 7)"}},{"type":"Feature","geometry":{"type":"Polygon","coordinates":[[[122.582714,10.804395],[122.587214,10.804395],[122.587214,10.808895],[122.582714,10.808895],[122.582714,10.804395]]]},"properties":{"confidence":"M","basis":"M-overall (see _provenance; CR-007 PR 7)"}},{"type":"Feature","geometry":{"type":"Polygon","coordinates":[[[122.582714,10.808895],[122.587214,10.808895],[122.587214,10.812253495426909],[122.582714,10.812253495426909],[122.582714,10.808895]]]},"properties":{"confidence":"M","basis":"M-overall (see _provenance; CR-007 PR 7)"}},{"type":"Feature","geometry":{"type":"Polygon","coordinates":[[[122.587214,10.637895],[122.591714,10.637895],[122.591714,10.642395],[122.587214,10.642395],[122.587214,10.637895]]]},"properties":{"confidence":"M","basis":"M-overall (see _provenance; CR-007 PR 7)"}},{"type":"Feature","geometry":{"type":"Polygon","coordinates":[[[122.587214,10.642395],[122.591714,10.642395],[122.591714,10.646895],[122.587214,10.646895],[122.587214,10.642395]]]},"properties":{"confidence":"M","basis":"M-overall (see _provenance; CR-007 PR 7)"}},{"type":"Feature","geometry":{"type":"Polygon","coordinates":[[[122.587214,10.646895],[122.591714,10.646895],[122.591714,10.651395],[122.587214,10.651395],[122.587214,10.646895]]]},"properties":{"confidence":"M","basis":"M-overall (see _provenance; CR-007 PR 7)"}},{"type":"Feature","geometry":{"type":"Polygon","coordinates":[[[122.587214,10.651395],[122.591714,10.651395],[122.591714,10.655895],[122.587214,10.655895],[122.587214,10.651395]]]},"properties":{"confidence":"M","basis":"M-overall (see _provenance; CR-007 PR 7)"}},{"type":"Feature","geometry":{"type":"Polygon","coordinates":[[[122.587214,10.655895],[122.591714,10.655895],[122.591714,10.660395],[122.587214,10.660395],[122.587214,10.655895]]]},"properties":{"confidence":"M","basis":"M-overall (see _provenance; CR-007 PR 7)"}},{"type":"Feature","geometry":{"type":"Polygon","coordinates":[[[122.587214,10.660395],[122.591714,10.660395],[122.591714,10.664895],[122.587214,10.664895],[122.587214,10.660395]]]},"properties":{"confidence":"M","basis":"M-overall (see _provenance; CR-007 PR 7)"}},{"type":"Feature","geometry":{"type":"Polygon","coordinates":[[[122.587214,10.664895],[122.591714,10.664895],[122.591714,10.669395],[122.587214,10.669395],[122.587214,10.664895]]]},"properties":{"confidence":"M","basis":"M-overall (see _provenance; CR-007 PR 7)"}},{"type":"Feature","geometry":{"type":"Polygon","coordinates":[[[122.587214,10.669395],[122.591714,10.669395],[122.591714,10.673895],[122.587214,10.673895],[122.587214,10.669395]]]},"properties":{"confidence":"M","basis":"M-overall (see _provenance; CR-007 PR 7)"}},{"type":"Feature","geometry":{"type":"Polygon","coordinates":[[[122.587214,10.673895],[122.591714,10.673895],[122.591714,10.678395],[122.587214,10.678395],[122.587214,10.673895]]]},"properties":{"confidence":"M","basis":"M-overall (see _provenance; CR-007 PR 7)"}},{"type":"Feature","geometry":{"type":"Polygon","coordinates":[[[122.587214,10.678395],[122.591714,10.678395],[122.591714,10.682895],[122.587214,10.682895],[122.587214,10.678395]]]},"properties":{"confidence":"M","basis":"M-overall (see _provenance; CR-007 PR 7)"}},{"type":"Feature","geometry":{"type":"Polygon","coordinates":[[[122.587214,10.682895],[122.591714,10.682895],[122.591714,10.687395],[122.587214,10.687395],[122.587214,10.682895]]]},"properties":{"confidence":"M","basis":"M-overall (see _provenance; CR-007 PR 7)"}},{"type":"Feature","geometry":{"type":"Polygon","coordinates":[[[122.587214,10.687395],[122.591714,10.687395],[122.591714,10.691895],[122.587214,10.691895],[122.587214,10.687395]]]},"properties":{"confidence":"M","basis":"M-overall (see _provenance; CR-007 PR 7)"}},{"type":"Feature","geometry":{"type":"Polygon","coordinates":[[[122.587214,10.691895],[122.591714,10.691895],[122.591714,10.696395],[122.587214,10.696395],[122.587214,10.691895]]]},"properties":{"confidence":"M","basis":"M-overall (see _provenance; CR-007 PR 7)"}},{"type":"Feature","geometry":{"type":"Polygon","coordinates":[[[122.587214,10.696395],[122.591714,10.696395],[122.591714,10.700895],[122.587214,10.700895],[122.587214,10.696395]]]},"properties":{"confidence":"M","basis":"M-overall (see _provenance; CR-007 PR 7)"}},{"type":"Feature","geometry":{"type":"Polygon","coordinates":[[[122.587214,10.700895],[122.591714,10.700895],[122.591714,10.705395],[122.587214,10.705395],[122.587214,10.700895]]]},"properties":{"confidence":"M","basis":"M-overall (see _provenance; CR-007 PR 7)"}},{"type":"Feature","geometry":{"type":"Polygon","coordinates":[[[122.587214,10.705395],[122.591714,10.705395],[122.591714,10.709895],[122.587214,10.709895],[122.587214,10.705395]]]},"properties":{"confidence":"M","basis":"M-overall (see _provenance; CR-007 PR 7)"}},{"type":"Feature","geometry":{"type":"Polygon","coordinates":[[[122.587214,10.709895],[122.591714,10.709895],[122.591714,10.714395],[122.587214,10.714395],[122.587214,10.709895]]]},"properties":{"confidence":"M","basis":"M-overall (see _provenance; CR-007 PR 7)"}},{"type":"Feature","geometry":{"type":"Polygon","coordinates":[[[122.587214,10.714395],[122.591714,10.714395],[122.591714,10.718895],[122.587214,10.718895],[122.587214,10.714395]]]},"properties":{"confidence":"M","basis":"M-overall (see _provenance; CR-007 PR 7)"}},{"type":"Feature","geometry":{"type":"Polygon","coordinates":[[[122.587214,10.718895],[122.591714,10.718895],[122.591714,10.723395],[122.587214,10.723395],[122.587214,10.718895]]]},"properties":{"confidence":"M","basis":"M-overall (see _provenance; CR-007 PR 7)"}},{"type":"Feature","geometry":{"type":"Polygon","coordinates":[[[122.587214,10.723395],[122.591714,10.723395],[122.591714,10.727895],[122.587214,10.727895],[122.587214,10.723395]]]},"properties":{"confidence":"M","basis":"M-overall (see _provenance; CR-007 PR 7)"}},{"type":"Feature","geometry":{"type":"Polygon","coordinates":[[[122.587214,10.727895],[122.591714,10.727895],[122.591714,10.732395],[122.587214,10.732395],[122.587214,10.727895]]]},"properties":{"confidence":"M","basis":"M-overall (see _provenance; CR-007 PR 7)"}},{"type":"Feature","geometry":{"type":"Polygon","coordinates":[[[122.587214,10.732395],[122.591714,10.732395],[122.591714,10.736895],[122.587214,10.736895],[122.587214,10.732395]]]},"properties":{"confidence":"M","basis":"M-overall (see _provenance; CR-007 PR 7)"}},{"type":"Feature","geometry":{"type":"Polygon","coordinates":[[[122.587214,10.736895],[122.591714,10.736895],[122.591714,10.741395],[122.587214,10.741395],[122.587214,10.736895]]]},"properties":{"confidence":"M","basis":"M-overall (see _provenance; CR-007 PR 7)"}},{"type":"Feature","geometry":{"type":"Polygon","coordinates":[[[122.587214,10.741395],[122.591714,10.741395],[122.591714,10.745895],[122.587214,10.745895],[122.587214,10.741395]]]},"properties":{"confidence":"M","basis":"M-overall (see _provenance; CR-007 PR 7)"}},{"type":"Feature","geometry":{"type":"Polygon","coordinates":[[[122.587214,10.745895],[122.591714,10.745895],[122.591714,10.750395],[122.587214,10.750395],[122.587214,10.745895]]]},"properties":{"confidence":"M","basis":"M-overall (see _provenance; CR-007 PR 7)"}},{"type":"Feature","geometry":{"type":"Polygon","coordinates":[[[122.587214,10.750395],[122.591714,10.750395],[122.591714,10.754895],[122.587214,10.754895],[122.587214,10.750395]]]},"properties":{"confidence":"M","basis":"M-overall (see _provenance; CR-007 PR 7)"}},{"type":"Feature","geometry":{"type":"Polygon","coordinates":[[[122.587214,10.754895],[122.591714,10.754895],[122.591714,10.759395],[122.587214,10.759395],[122.587214,10.754895]]]},"properties":{"confidence":"M","basis":"M-overall (see _provenance; CR-007 PR 7)"}},{"type":"Feature","geometry":{"type":"Polygon","coordinates":[[[122.587214,10.759395],[122.591714,10.759395],[122.591714,10.763895],[122.587214,10.763895],[122.587214,10.759395]]]},"properties":{"confidence":"M","basis":"M-overall (see _provenance; CR-007 PR 7)"}},{"type":"Feature","geometry":{"type":"Polygon","coordinates":[[[122.587214,10.763895],[122.591714,10.763895],[122.591714,10.768395],[122.587214,10.768395],[122.587214,10.763895]]]},"properties":{"confidence":"M","basis":"M-overall (see _provenance; CR-007 PR 7)"}},{"type":"Feature","geometry":{"type":"Polygon","coordinates":[[[122.587214,10.768395],[122.591714,10.768395],[122.591714,10.772895],[122.587214,10.772895],[122.587214,10.768395]]]},"properties":{"confidence":"M","basis":"M-overall (see _provenance; CR-007 PR 7)"}},{"type":"Feature","geometry":{"type":"Polygon","coordinates":[[[122.587214,10.772895],[122.591714,10.772895],[122.591714,10.777395],[122.587214,10.777395],[122.587214,10.772895]]]},"properties":{"confidence":"M","basis":"M-overall (see _provenance; CR-007 PR 7)"}},{"type":"Feature","geometry":{"type":"Polygon","coordinates":[[[122.587214,10.777395],[122.591714,10.777395],[122.591714,10.781895],[122.587214,10.781895],[122.587214,10.777395]]]},"properties":{"confidence":"M","basis":"M-overall (see _provenance; CR-007 PR 7)"}},{"type":"Feature","geometry":{"type":"Polygon","coordinates":[[[122.587214,10.781895],[122.591714,10.781895],[122.591714,10.786395],[122.587214,10.786395],[122.587214,10.781895]]]},"properties":{"confidence":"M","basis":"M-overall (see _provenance; CR-007 PR 7)"}},{"type":"Feature","geometry":{"type":"Polygon","coordinates":[[[122.587214,10.786395],[122.591714,10.786395],[122.591714,10.790895],[122.587214,10.790895],[122.587214,10.786395]]]},"properties":{"confidence":"M","basis":"M-overall (see _provenance; CR-007 PR 7)"}},{"type":"Feature","geometry":{"type":"Polygon","coordinates":[[[122.587214,10.790895],[122.591714,10.790895],[122.591714,10.795395],[122.587214,10.795395],[122.587214,10.790895]]]},"properties":{"confidence":"M","basis":"M-overall (see _provenance; CR-007 PR 7)"}},{"type":"Feature","geometry":{"type":"Polygon","coordinates":[[[122.587214,10.795395],[122.591714,10.795395],[122.591714,10.799895],[122.587214,10.799895],[122.587214,10.795395]]]},"properties":{"confidence":"M","basis":"M-overall (see _provenance; CR-007 PR 7)"}},{"type":"Feature","geometry":{"type":"Polygon","coordinates":[[[122.587214,10.799895],[122.591714,10.799895],[122.591714,10.804395],[122.587214,10.804395],[122.587214,10.799895]]]},"properties":{"confidence":"M","basis":"M-overall (see _provenance; CR-007 PR 7)"}},{"type":"Feature","geometry":{"type":"Polygon","coordinates":[[[122.587214,10.804395],[122.591714,10.804395],[122.591714,10.808895],[122.587214,10.808895],[122.587214,10.804395]]]},"properties":{"confidence":"M","basis":"M-overall (see _provenance; CR-007 PR 7)"}},{"type":"Feature","geometry":{"type":"Polygon","coordinates":[[[122.587214,10.808895],[122.591714,10.808895],[122.591714,10.812253495426909],[122.587214,10.812253495426909],[122.587214,10.808895]]]},"properties":{"confidence":"M","basis":"M-overall (see _provenance; CR-007 PR 7)"}},{"type":"Feature","geometry":{"type":"Polygon","coordinates":[[[122.591714,10.637895],[122.596214,10.637895],[122.596214,10.642395],[122.591714,10.642395],[122.591714,10.637895]]]},"properties":{"confidence":"M","basis":"M-overall (see _provenance; CR-007 PR 7)"}},{"type":"Feature","geometry":{"type":"Polygon","coordinates":[[[122.591714,10.642395],[122.596214,10.642395],[122.596214,10.646895],[122.591714,10.646895],[122.591714,10.642395]]]},"properties":{"confidence":"M","basis":"M-overall (see _provenance; CR-007 PR 7)"}},{"type":"Feature","geometry":{"type":"Polygon","coordinates":[[[122.591714,10.646895],[122.596214,10.646895],[122.596214,10.651395],[122.591714,10.651395],[122.591714,10.646895]]]},"properties":{"confidence":"M","basis":"M-overall (see _provenance; CR-007 PR 7)"}},{"type":"Feature","geometry":{"type":"Polygon","coordinates":[[[122.591714,10.651395],[122.596214,10.651395],[122.596214,10.655895],[122.591714,10.655895],[122.591714,10.651395]]]},"properties":{"confidence":"M","basis":"M-overall (see _provenance; CR-007 PR 7)"}},{"type":"Feature","geometry":{"type":"Polygon","coordinates":[[[122.591714,10.655895],[122.596214,10.655895],[122.596214,10.660395],[122.591714,10.660395],[122.591714,10.655895]]]},"properties":{"confidence":"M","basis":"M-overall (see _provenance; CR-007 PR 7)"}},{"type":"Feature","geometry":{"type":"Polygon","coordinates":[[[122.591714,10.660395],[122.596214,10.660395],[122.596214,10.664895],[122.591714,10.664895],[122.591714,10.660395]]]},"properties":{"confidence":"M","basis":"M-overall (see _provenance; CR-007 PR 7)"}},{"type":"Feature","geometry":{"type":"Polygon","coordinates":[[[122.591714,10.664895],[122.596214,10.664895],[122.596214,10.669395],[122.591714,10.669395],[122.591714,10.664895]]]},"properties":{"confidence":"M","basis":"M-overall (see _provenance; CR-007 PR 7)"}},{"type":"Feature","geometry":{"type":"Polygon","coordinates":[[[122.591714,10.669395],[122.596214,10.669395],[122.596214,10.673895],[122.591714,10.673895],[122.591714,10.669395]]]},"properties":{"confidence":"M","basis":"M-overall (see _provenance; CR-007 PR 7)"}},{"type":"Feature","geometry":{"type":"Polygon","coordinates":[[[122.591714,10.673895],[122.596214,10.673895],[122.596214,10.678395],[122.591714,10.678395],[122.591714,10.673895]]]},"properties":{"confidence":"M","basis":"M-overall (see _provenance; CR-007 PR 7)"}},{"type":"Feature","geometry":{"type":"Polygon","coordinates":[[[122.591714,10.678395],[122.596214,10.678395],[122.596214,10.682895],[122.591714,10.682895],[122.591714,10.678395]]]},"properties":{"confidence":"M","basis":"M-overall (see _provenance; CR-007 PR 7)"}},{"type":"Feature","geometry":{"type":"Polygon","coordinates":[[[122.591714,10.682895],[122.596214,10.682895],[122.596214,10.687395],[122.591714,10.687395],[122.591714,10.682895]]]},"properties":{"confidence":"M","basis":"M-overall (see _provenance; CR-007 PR 7)"}},{"type":"Feature","geometry":{"type":"Polygon","coordinates":[[[122.591714,10.687395],[122.596214,10.687395],[122.596214,10.691895],[122.591714,10.691895],[122.591714,10.687395]]]},"properties":{"confidence":"M","basis":"M-overall (see _provenance; CR-007 PR 7)"}},{"type":"Feature","geometry":{"type":"Polygon","coordinates":[[[122.591714,10.691895],[122.596214,10.691895],[122.596214,10.696395],[122.591714,10.696395],[122.591714,10.691895]]]},"properties":{"confidence":"M","basis":"M-overall (see _provenance; CR-007 PR 7)"}},{"type":"Feature","geometry":{"type":"Polygon","coordinates":[[[122.591714,10.696395],[122.596214,10.696395],[122.596214,10.700895],[122.591714,10.700895],[122.591714,10.696395]]]},"properties":{"confidence":"M","basis":"M-overall (see _provenance; CR-007 PR 7)"}},{"type":"Feature","geometry":{"type":"Polygon","coordinates":[[[122.591714,10.700895],[122.596214,10.700895],[122.596214,10.705395],[122.591714,10.705395],[122.591714,10.700895]]]},"properties":{"confidence":"M","basis":"M-overall (see _provenance; CR-007 PR 7)"}},{"type":"Feature","geometry":{"type":"Polygon","coordinates":[[[122.591714,10.705395],[122.596214,10.705395],[122.596214,10.709895],[122.591714,10.709895],[122.591714,10.705395]]]},"properties":{"confidence":"M","basis":"M-overall (see _provenance; CR-007 PR 7)"}},{"type":"Feature","geometry":{"type":"Polygon","coordinates":[[[122.591714,10.709895],[122.596214,10.709895],[122.596214,10.714395],[122.591714,10.714395],[122.591714,10.709895]]]},"properties":{"confidence":"M","basis":"M-overall (see _provenance; CR-007 PR 7)"}},{"type":"Feature","geometry":{"type":"Polygon","coordinates":[[[122.591714,10.714395],[122.596214,10.714395],[122.596214,10.718895],[122.591714,10.718895],[122.591714,10.714395]]]},"properties":{"confidence":"M","basis":"M-overall (see _provenance; CR-007 PR 7)"}},{"type":"Feature","geometry":{"type":"Polygon","coordinates":[[[122.591714,10.718895],[122.596214,10.718895],[122.596214,10.723395],[122.591714,10.723395],[122.591714,10.718895]]]},"properties":{"confidence":"M","basis":"M-overall (see _provenance; CR-007 PR 7)"}},{"type":"Feature","geometry":{"type":"Polygon","coordinates":[[[122.591714,10.723395],[122.596214,10.723395],[122.596214,10.727895],[122.591714,10.727895],[122.591714,10.723395]]]},"properties":{"confidence":"M","basis":"M-overall (see _provenance; CR-007 PR 7)"}},{"type":"Feature","geometry":{"type":"Polygon","coordinates":[[[122.591714,10.727895],[122.596214,10.727895],[122.596214,10.732395],[122.591714,10.732395],[122.591714,10.727895]]]},"properties":{"confidence":"M","basis":"M-overall (see _provenance; CR-007 PR 7)"}},{"type":"Feature","geometry":{"type":"Polygon","coordinates":[[[122.591714,10.732395],[122.596214,10.732395],[122.596214,10.736895],[122.591714,10.736895],[122.591714,10.732395]]]},"properties":{"confidence":"M","basis":"M-overall (see _provenance; CR-007 PR 7)"}},{"type":"Feature","geometry":{"type":"Polygon","coordinates":[[[122.591714,10.736895],[122.596214,10.736895],[122.596214,10.741395],[122.591714,10.741395],[122.591714,10.736895]]]},"properties":{"confidence":"M","basis":"M-overall (see _provenance; CR-007 PR 7)"}},{"type":"Feature","geometry":{"type":"Polygon","coordinates":[[[122.591714,10.741395],[122.596214,10.741395],[122.596214,10.745895],[122.591714,10.745895],[122.591714,10.741395]]]},"properties":{"confidence":"M","basis":"M-overall (see _provenance; CR-007 PR 7)"}},{"type":"Feature","geometry":{"type":"Polygon","coordinates":[[[122.591714,10.745895],[122.596214,10.745895],[122.596214,10.750395],[122.591714,10.750395],[122.591714,10.745895]]]},"properties":{"confidence":"M","basis":"M-overall (see _provenance; CR-007 PR 7)"}},{"type":"Feature","geometry":{"type":"Polygon","coordinates":[[[122.591714,10.750395],[122.596214,10.750395],[122.596214,10.754895],[122.591714,10.754895],[122.591714,10.750395]]]},"properties":{"confidence":"M","basis":"M-overall (see _provenance; CR-007 PR 7)"}},{"type":"Feature","geometry":{"type":"Polygon","coordinates":[[[122.591714,10.754895],[122.596214,10.754895],[122.596214,10.759395],[122.591714,10.759395],[122.591714,10.754895]]]},"properties":{"confidence":"M","basis":"M-overall (see _provenance; CR-007 PR 7)"}},{"type":"Feature","geometry":{"type":"Polygon","coordinates":[[[122.591714,10.759395],[122.596214,10.759395],[122.596214,10.763895],[122.591714,10.763895],[122.591714,10.759395]]]},"properties":{"confidence":"M","basis":"M-overall (see _provenance; CR-007 PR 7)"}},{"type":"Feature","geometry":{"type":"Polygon","coordinates":[[[122.591714,10.763895],[122.596214,10.763895],[122.596214,10.768395],[122.591714,10.768395],[122.591714,10.763895]]]},"properties":{"confidence":"M","basis":"M-overall (see _provenance; CR-007 PR 7)"}},{"type":"Feature","geometry":{"type":"Polygon","coordinates":[[[122.591714,10.768395],[122.596214,10.768395],[122.596214,10.772895],[122.591714,10.772895],[122.591714,10.768395]]]},"properties":{"confidence":"M","basis":"M-overall (see _provenance; CR-007 PR 7)"}},{"type":"Feature","geometry":{"type":"Polygon","coordinates":[[[122.591714,10.772895],[122.596214,10.772895],[122.596214,10.777395],[122.591714,10.777395],[122.591714,10.772895]]]},"properties":{"confidence":"M","basis":"M-overall (see _provenance; CR-007 PR 7)"}},{"type":"Feature","geometry":{"type":"Polygon","coordinates":[[[122.591714,10.777395],[122.596214,10.777395],[122.596214,10.781895],[122.591714,10.781895],[122.591714,10.777395]]]},"properties":{"confidence":"M","basis":"M-overall (see _provenance; CR-007 PR 7)"}},{"type":"Feature","geometry":{"type":"Polygon","coordinates":[[[122.591714,10.781895],[122.596214,10.781895],[122.596214,10.786395],[122.591714,10.786395],[122.591714,10.781895]]]},"properties":{"confidence":"M","basis":"M-overall (see _provenance; CR-007 PR 7)"}},{"type":"Feature","geometry":{"type":"Polygon","coordinates":[[[122.591714,10.786395],[122.596214,10.786395],[122.596214,10.790895],[122.591714,10.790895],[122.591714,10.786395]]]},"properties":{"confidence":"M","basis":"M-overall (see _provenance; CR-007 PR 7)"}},{"type":"Feature","geometry":{"type":"Polygon","coordinates":[[[122.591714,10.790895],[122.596214,10.790895],[122.596214,10.795395],[122.591714,10.795395],[122.591714,10.790895]]]},"properties":{"confidence":"M","basis":"M-overall (see _provenance; CR-007 PR 7)"}},{"type":"Feature","geometry":{"type":"Polygon","coordinates":[[[122.591714,10.795395],[122.596214,10.795395],[122.596214,10.799895],[122.591714,10.799895],[122.591714,10.795395]]]},"properties":{"confidence":"M","basis":"M-overall (see _provenance; CR-007 PR 7)"}},{"type":"Feature","geometry":{"type":"Polygon","coordinates":[[[122.591714,10.799895],[122.596214,10.799895],[122.596214,10.804395],[122.591714,10.804395],[122.591714,10.799895]]]},"properties":{"confidence":"M","basis":"M-overall (see _provenance; CR-007 PR 7)"}},{"type":"Feature","geometry":{"type":"Polygon","coordinates":[[[122.591714,10.804395],[122.596214,10.804395],[122.596214,10.808895],[122.591714,10.808895],[122.591714,10.804395]]]},"properties":{"confidence":"M","basis":"M-overall (see _provenance; CR-007 PR 7)"}},{"type":"Feature","geometry":{"type":"Polygon","coordinates":[[[122.591714,10.808895],[122.596214,10.808895],[122.596214,10.812253495426909],[122.591714,10.812253495426909],[122.591714,10.808895]]]},"properties":{"confidence":"M","basis":"M-overall (see _provenance; CR-007 PR 7)"}},{"type":"Feature","geometry":{"type":"Polygon","coordinates":[[[122.596214,10.637895],[122.600714,10.637895],[122.600714,10.642395],[122.596214,10.642395],[122.596214,10.637895]]]},"properties":{"confidence":"M","basis":"M-overall (see _provenance; CR-007 PR 7)"}},{"type":"Feature","geometry":{"type":"Polygon","coordinates":[[[122.596214,10.642395],[122.600714,10.642395],[122.600714,10.646895],[122.596214,10.646895],[122.596214,10.642395]]]},"properties":{"confidence":"M","basis":"M-overall (see _provenance; CR-007 PR 7)"}},{"type":"Feature","geometry":{"type":"Polygon","coordinates":[[[122.596214,10.646895],[122.600714,10.646895],[122.600714,10.651395],[122.596214,10.651395],[122.596214,10.646895]]]},"properties":{"confidence":"M","basis":"M-overall (see _provenance; CR-007 PR 7)"}},{"type":"Feature","geometry":{"type":"Polygon","coordinates":[[[122.596214,10.651395],[122.600714,10.651395],[122.600714,10.655895],[122.596214,10.655895],[122.596214,10.651395]]]},"properties":{"confidence":"M","basis":"M-overall (see _provenance; CR-007 PR 7)"}},{"type":"Feature","geometry":{"type":"Polygon","coordinates":[[[122.596214,10.655895],[122.600714,10.655895],[122.600714,10.660395],[122.596214,10.660395],[122.596214,10.655895]]]},"properties":{"confidence":"M","basis":"M-overall (see _provenance; CR-007 PR 7)"}},{"type":"Feature","geometry":{"type":"Polygon","coordinates":[[[122.596214,10.660395],[122.600714,10.660395],[122.600714,10.664895],[122.596214,10.664895],[122.596214,10.660395]]]},"properties":{"confidence":"M","basis":"M-overall (see _provenance; CR-007 PR 7)"}},{"type":"Feature","geometry":{"type":"Polygon","coordinates":[[[122.596214,10.664895],[122.600714,10.664895],[122.600714,10.669395],[122.596214,10.669395],[122.596214,10.664895]]]},"properties":{"confidence":"M","basis":"M-overall (see _provenance; CR-007 PR 7)"}},{"type":"Feature","geometry":{"type":"Polygon","coordinates":[[[122.596214,10.669395],[122.600714,10.669395],[122.600714,10.673895],[122.596214,10.673895],[122.596214,10.669395]]]},"properties":{"confidence":"M","basis":"M-overall (see _provenance; CR-007 PR 7)"}},{"type":"Feature","geometry":{"type":"Polygon","coordinates":[[[122.596214,10.673895],[122.600714,10.673895],[122.600714,10.678395],[122.596214,10.678395],[122.596214,10.673895]]]},"properties":{"confidence":"M","basis":"M-overall (see _provenance; CR-007 PR 7)"}},{"type":"Feature","geometry":{"type":"Polygon","coordinates":[[[122.596214,10.678395],[122.600714,10.678395],[122.600714,10.682895],[122.596214,10.682895],[122.596214,10.678395]]]},"properties":{"confidence":"M","basis":"M-overall (see _provenance; CR-007 PR 7)"}},{"type":"Feature","geometry":{"type":"Polygon","coordinates":[[[122.596214,10.682895],[122.600714,10.682895],[122.600714,10.687395],[122.596214,10.687395],[122.596214,10.682895]]]},"properties":{"confidence":"M","basis":"M-overall (see _provenance; CR-007 PR 7)"}},{"type":"Feature","geometry":{"type":"Polygon","coordinates":[[[122.596214,10.687395],[122.600714,10.687395],[122.600714,10.691895],[122.596214,10.691895],[122.596214,10.687395]]]},"properties":{"confidence":"M","basis":"M-overall (see _provenance; CR-007 PR 7)"}},{"type":"Feature","geometry":{"type":"Polygon","coordinates":[[[122.596214,10.691895],[122.600714,10.691895],[122.600714,10.696395],[122.596214,10.696395],[122.596214,10.691895]]]},"properties":{"confidence":"M","basis":"M-overall (see _provenance; CR-007 PR 7)"}},{"type":"Feature","geometry":{"type":"Polygon","coordinates":[[[122.596214,10.696395],[122.600714,10.696395],[122.600714,10.700895],[122.596214,10.700895],[122.596214,10.696395]]]},"properties":{"confidence":"M","basis":"M-overall (see _provenance; CR-007 PR 7)"}},{"type":"Feature","geometry":{"type":"Polygon","coordinates":[[[122.596214,10.700895],[122.600714,10.700895],[122.600714,10.705395],[122.596214,10.705395],[122.596214,10.700895]]]},"properties":{"confidence":"M","basis":"M-overall (see _provenance; CR-007 PR 7)"}},{"type":"Feature","geometry":{"type":"Polygon","coordinates":[[[122.596214,10.705395],[122.600714,10.705395],[122.600714,10.709895],[122.596214,10.709895],[122.596214,10.705395]]]},"properties":{"confidence":"M","basis":"M-overall (see _provenance; CR-007 PR 7)"}},{"type":"Feature","geometry":{"type":"Polygon","coordinates":[[[122.596214,10.709895],[122.600714,10.709895],[122.600714,10.714395],[122.596214,10.714395],[122.596214,10.709895]]]},"properties":{"confidence":"M","basis":"M-overall (see _provenance; CR-007 PR 7)"}},{"type":"Feature","geometry":{"type":"Polygon","coordinates":[[[122.596214,10.714395],[122.600714,10.714395],[122.600714,10.718895],[122.596214,10.718895],[122.596214,10.714395]]]},"properties":{"confidence":"M","basis":"M-overall (see _provenance; CR-007 PR 7)"}},{"type":"Feature","geometry":{"type":"Polygon","coordinates":[[[122.596214,10.718895],[122.600714,10.718895],[122.600714,10.723395],[122.596214,10.723395],[122.596214,10.718895]]]},"properties":{"confidence":"M","basis":"M-overall (see _provenance; CR-007 PR 7)"}},{"type":"Feature","geometry":{"type":"Polygon","coordinates":[[[122.596214,10.723395],[122.600714,10.723395],[122.600714,10.727895],[122.596214,10.727895],[122.596214,10.723395]]]},"properties":{"confidence":"M","basis":"M-overall (see _provenance; CR-007 PR 7)"}},{"type":"Feature","geometry":{"type":"Polygon","coordinates":[[[122.596214,10.727895],[122.600714,10.727895],[122.600714,10.732395],[122.596214,10.732395],[122.596214,10.727895]]]},"properties":{"confidence":"M","basis":"M-overall (see _provenance; CR-007 PR 7)"}},{"type":"Feature","geometry":{"type":"Polygon","coordinates":[[[122.596214,10.732395],[122.600714,10.732395],[122.600714,10.736895],[122.596214,10.736895],[122.596214,10.732395]]]},"properties":{"confidence":"M","basis":"M-overall (see _provenance; CR-007 PR 7)"}},{"type":"Feature","geometry":{"type":"Polygon","coordinates":[[[122.596214,10.736895],[122.600714,10.736895],[122.600714,10.741395],[122.596214,10.741395],[122.596214,10.736895]]]},"properties":{"confidence":"M","basis":"M-overall (see _provenance; CR-007 PR 7)"}},{"type":"Feature","geometry":{"type":"Polygon","coordinates":[[[122.596214,10.741395],[122.600714,10.741395],[122.600714,10.745895],[122.596214,10.745895],[122.596214,10.741395]]]},"properties":{"confidence":"M","basis":"M-overall (see _provenance; CR-007 PR 7)"}},{"type":"Feature","geometry":{"type":"Polygon","coordinates":[[[122.596214,10.745895],[122.600714,10.745895],[122.600714,10.750395],[122.596214,10.750395],[122.596214,10.745895]]]},"properties":{"confidence":"M","basis":"M-overall (see _provenance; CR-007 PR 7)"}},{"type":"Feature","geometry":{"type":"Polygon","coordinates":[[[122.596214,10.750395],[122.600714,10.750395],[122.600714,10.754895],[122.596214,10.754895],[122.596214,10.750395]]]},"properties":{"confidence":"M","basis":"M-overall (see _provenance; CR-007 PR 7)"}},{"type":"Feature","geometry":{"type":"Polygon","coordinates":[[[122.596214,10.754895],[122.600714,10.754895],[122.600714,10.759395],[122.596214,10.759395],[122.596214,10.754895]]]},"properties":{"confidence":"M","basis":"M-overall (see _provenance; CR-007 PR 7)"}},{"type":"Feature","geometry":{"type":"Polygon","coordinates":[[[122.596214,10.759395],[122.600714,10.759395],[122.600714,10.763895],[122.596214,10.763895],[122.596214,10.759395]]]},"properties":{"confidence":"M","basis":"M-overall (see _provenance; CR-007 PR 7)"}},{"type":"Feature","geometry":{"type":"Polygon","coordinates":[[[122.596214,10.763895],[122.600714,10.763895],[122.600714,10.768395],[122.596214,10.768395],[122.596214,10.763895]]]},"properties":{"confidence":"M","basis":"M-overall (see _provenance; CR-007 PR 7)"}},{"type":"Feature","geometry":{"type":"Polygon","coordinates":[[[122.596214,10.768395],[122.600714,10.768395],[122.600714,10.772895],[122.596214,10.772895],[122.596214,10.768395]]]},"properties":{"confidence":"M","basis":"M-overall (see _provenance; CR-007 PR 7)"}},{"type":"Feature","geometry":{"type":"Polygon","coordinates":[[[122.596214,10.772895],[122.600714,10.772895],[122.600714,10.777395],[122.596214,10.777395],[122.596214,10.772895]]]},"properties":{"confidence":"M","basis":"M-overall (see _provenance; CR-007 PR 7)"}},{"type":"Feature","geometry":{"type":"Polygon","coordinates":[[[122.596214,10.777395],[122.600714,10.777395],[122.600714,10.781895],[122.596214,10.781895],[122.596214,10.777395]]]},"properties":{"confidence":"M","basis":"M-overall (see _provenance; CR-007 PR 7)"}},{"type":"Feature","geometry":{"type":"Polygon","coordinates":[[[122.596214,10.781895],[122.600714,10.781895],[122.600714,10.786395],[122.596214,10.786395],[122.596214,10.781895]]]},"properties":{"confidence":"M","basis":"M-overall (see _provenance; CR-007 PR 7)"}},{"type":"Feature","geometry":{"type":"Polygon","coordinates":[[[122.596214,10.786395],[122.600714,10.786395],[122.600714,10.790895],[122.596214,10.790895],[122.596214,10.786395]]]},"properties":{"confidence":"M","basis":"M-overall (see _provenance; CR-007 PR 7)"}},{"type":"Feature","geometry":{"type":"Polygon","coordinates":[[[122.596214,10.790895],[122.600714,10.790895],[122.600714,10.795395],[122.596214,10.795395],[122.596214,10.790895]]]},"properties":{"confidence":"M","basis":"M-overall (see _provenance; CR-007 PR 7)"}},{"type":"Feature","geometry":{"type":"Polygon","coordinates":[[[122.596214,10.795395],[122.600714,10.795395],[122.600714,10.799895],[122.596214,10.799895],[122.596214,10.795395]]]},"properties":{"confidence":"M","basis":"M-overall (see _provenance; CR-007 PR 7)"}},{"type":"Feature","geometry":{"type":"Polygon","coordinates":[[[122.596214,10.799895],[122.600714,10.799895],[122.600714,10.804395],[122.596214,10.804395],[122.596214,10.799895]]]},"properties":{"confidence":"M","basis":"M-overall (see _provenance; CR-007 PR 7)"}},{"type":"Feature","geometry":{"type":"Polygon","coordinates":[[[122.596214,10.804395],[122.600714,10.804395],[122.600714,10.808895],[122.596214,10.808895],[122.596214,10.804395]]]},"properties":{"confidence":"M","basis":"M-overall (see _provenance; CR-007 PR 7)"}},{"type":"Feature","geometry":{"type":"Polygon","coordinates":[[[122.596214,10.808895],[122.600714,10.808895],[122.600714,10.812253495426909],[122.596214,10.812253495426909],[122.596214,10.808895]]]},"properties":{"confidence":"M","basis":"M-overall (see _provenance; CR-007 PR 7)"}},{"type":"Feature","geometry":{"type":"Polygon","coordinates":[[[122.600714,10.637895],[122.605214,10.637895],[122.605214,10.642395],[122.600714,10.642395],[122.600714,10.637895]]]},"properties":{"confidence":"M","basis":"M-overall (see _provenance; CR-007 PR 7)"}},{"type":"Feature","geometry":{"type":"Polygon","coordinates":[[[122.600714,10.642395],[122.605214,10.642395],[122.605214,10.646895],[122.600714,10.646895],[122.600714,10.642395]]]},"properties":{"confidence":"M","basis":"M-overall (see _provenance; CR-007 PR 7)"}},{"type":"Feature","geometry":{"type":"Polygon","coordinates":[[[122.600714,10.646895],[122.605214,10.646895],[122.605214,10.651395],[122.600714,10.651395],[122.600714,10.646895]]]},"properties":{"confidence":"M","basis":"M-overall (see _provenance; CR-007 PR 7)"}},{"type":"Feature","geometry":{"type":"Polygon","coordinates":[[[122.600714,10.651395],[122.605214,10.651395],[122.605214,10.655895],[122.600714,10.655895],[122.600714,10.651395]]]},"properties":{"confidence":"M","basis":"M-overall (see _provenance; CR-007 PR 7)"}},{"type":"Feature","geometry":{"type":"Polygon","coordinates":[[[122.600714,10.655895],[122.605214,10.655895],[122.605214,10.660395],[122.600714,10.660395],[122.600714,10.655895]]]},"properties":{"confidence":"M","basis":"M-overall (see _provenance; CR-007 PR 7)"}},{"type":"Feature","geometry":{"type":"Polygon","coordinates":[[[122.600714,10.660395],[122.605214,10.660395],[122.605214,10.664895],[122.600714,10.664895],[122.600714,10.660395]]]},"properties":{"confidence":"M","basis":"M-overall (see _provenance; CR-007 PR 7)"}},{"type":"Feature","geometry":{"type":"Polygon","coordinates":[[[122.600714,10.664895],[122.605214,10.664895],[122.605214,10.669395],[122.600714,10.669395],[122.600714,10.664895]]]},"properties":{"confidence":"M","basis":"M-overall (see _provenance; CR-007 PR 7)"}},{"type":"Feature","geometry":{"type":"Polygon","coordinates":[[[122.600714,10.669395],[122.605214,10.669395],[122.605214,10.673895],[122.600714,10.673895],[122.600714,10.669395]]]},"properties":{"confidence":"M","basis":"M-overall (see _provenance; CR-007 PR 7)"}},{"type":"Feature","geometry":{"type":"Polygon","coordinates":[[[122.600714,10.673895],[122.605214,10.673895],[122.605214,10.678395],[122.600714,10.678395],[122.600714,10.673895]]]},"properties":{"confidence":"M","basis":"M-overall (see _provenance; CR-007 PR 7)"}},{"type":"Feature","geometry":{"type":"Polygon","coordinates":[[[122.600714,10.678395],[122.605214,10.678395],[122.605214,10.682895],[122.600714,10.682895],[122.600714,10.678395]]]},"properties":{"confidence":"M","basis":"M-overall (see _provenance; CR-007 PR 7)"}},{"type":"Feature","geometry":{"type":"Polygon","coordinates":[[[122.600714,10.682895],[122.605214,10.682895],[122.605214,10.687395],[122.600714,10.687395],[122.600714,10.682895]]]},"properties":{"confidence":"M","basis":"M-overall (see _provenance; CR-007 PR 7)"}},{"type":"Feature","geometry":{"type":"Polygon","coordinates":[[[122.600714,10.687395],[122.605214,10.687395],[122.605214,10.691895],[122.600714,10.691895],[122.600714,10.687395]]]},"properties":{"confidence":"M","basis":"M-overall (see _provenance; CR-007 PR 7)"}},{"type":"Feature","geometry":{"type":"Polygon","coordinates":[[[122.600714,10.691895],[122.605214,10.691895],[122.605214,10.696395],[122.600714,10.696395],[122.600714,10.691895]]]},"properties":{"confidence":"M","basis":"M-overall (see _provenance; CR-007 PR 7)"}},{"type":"Feature","geometry":{"type":"Polygon","coordinates":[[[122.600714,10.696395],[122.605214,10.696395],[122.605214,10.700895],[122.600714,10.700895],[122.600714,10.696395]]]},"properties":{"confidence":"M","basis":"M-overall (see _provenance; CR-007 PR 7)"}},{"type":"Feature","geometry":{"type":"Polygon","coordinates":[[[122.600714,10.700895],[122.605214,10.700895],[122.605214,10.705395],[122.600714,10.705395],[122.600714,10.700895]]]},"properties":{"confidence":"M","basis":"M-overall (see _provenance; CR-007 PR 7)"}},{"type":"Feature","geometry":{"type":"Polygon","coordinates":[[[122.600714,10.705395],[122.605214,10.705395],[122.605214,10.709895],[122.600714,10.709895],[122.600714,10.705395]]]},"properties":{"confidence":"M","basis":"M-overall (see _provenance; CR-007 PR 7)"}},{"type":"Feature","geometry":{"type":"Polygon","coordinates":[[[122.600714,10.709895],[122.605214,10.709895],[122.605214,10.714395],[122.600714,10.714395],[122.600714,10.709895]]]},"properties":{"confidence":"M","basis":"M-overall (see _provenance; CR-007 PR 7)"}},{"type":"Feature","geometry":{"type":"Polygon","coordinates":[[[122.600714,10.714395],[122.605214,10.714395],[122.605214,10.718895],[122.600714,10.718895],[122.600714,10.714395]]]},"properties":{"confidence":"M","basis":"M-overall (see _provenance; CR-007 PR 7)"}},{"type":"Feature","geometry":{"type":"Polygon","coordinates":[[[122.600714,10.718895],[122.605214,10.718895],[122.605214,10.723395],[122.600714,10.723395],[122.600714,10.718895]]]},"properties":{"confidence":"M","basis":"M-overall (see _provenance; CR-007 PR 7)"}},{"type":"Feature","geometry":{"type":"Polygon","coordinates":[[[122.600714,10.723395],[122.605214,10.723395],[122.605214,10.727895],[122.600714,10.727895],[122.600714,10.723395]]]},"properties":{"confidence":"M","basis":"M-overall (see _provenance; CR-007 PR 7)"}},{"type":"Feature","geometry":{"type":"Polygon","coordinates":[[[122.600714,10.727895],[122.605214,10.727895],[122.605214,10.732395],[122.600714,10.732395],[122.600714,10.727895]]]},"properties":{"confidence":"M","basis":"M-overall (see _provenance; CR-007 PR 7)"}},{"type":"Feature","geometry":{"type":"Polygon","coordinates":[[[122.600714,10.732395],[122.605214,10.732395],[122.605214,10.736895],[122.600714,10.736895],[122.600714,10.732395]]]},"properties":{"confidence":"M","basis":"M-overall (see _provenance; CR-007 PR 7)"}},{"type":"Feature","geometry":{"type":"Polygon","coordinates":[[[122.600714,10.736895],[122.605214,10.736895],[122.605214,10.741395],[122.600714,10.741395],[122.600714,10.736895]]]},"properties":{"confidence":"M","basis":"M-overall (see _provenance; CR-007 PR 7)"}},{"type":"Feature","geometry":{"type":"Polygon","coordinates":[[[122.600714,10.741395],[122.605214,10.741395],[122.605214,10.745895],[122.600714,10.745895],[122.600714,10.741395]]]},"properties":{"confidence":"M","basis":"M-overall (see _provenance; CR-007 PR 7)"}},{"type":"Feature","geometry":{"type":"Polygon","coordinates":[[[122.600714,10.745895],[122.605214,10.745895],[122.605214,10.750395],[122.600714,10.750395],[122.600714,10.745895]]]},"properties":{"confidence":"M","basis":"M-overall (see _provenance; CR-007 PR 7)"}},{"type":"Feature","geometry":{"type":"Polygon","coordinates":[[[122.600714,10.750395],[122.605214,10.750395],[122.605214,10.754895],[122.600714,10.754895],[122.600714,10.750395]]]},"properties":{"confidence":"M","basis":"M-overall (see _provenance; CR-007 PR 7)"}},{"type":"Feature","geometry":{"type":"Polygon","coordinates":[[[122.600714,10.754895],[122.605214,10.754895],[122.605214,10.759395],[122.600714,10.759395],[122.600714,10.754895]]]},"properties":{"confidence":"M","basis":"M-overall (see _provenance; CR-007 PR 7)"}},{"type":"Feature","geometry":{"type":"Polygon","coordinates":[[[122.600714,10.759395],[122.605214,10.759395],[122.605214,10.763895],[122.600714,10.763895],[122.600714,10.759395]]]},"properties":{"confidence":"M","basis":"M-overall (see _provenance; CR-007 PR 7)"}},{"type":"Feature","geometry":{"type":"Polygon","coordinates":[[[122.600714,10.763895],[122.605214,10.763895],[122.605214,10.768395],[122.600714,10.768395],[122.600714,10.763895]]]},"properties":{"confidence":"M","basis":"M-overall (see _provenance; CR-007 PR 7)"}},{"type":"Feature","geometry":{"type":"Polygon","coordinates":[[[122.600714,10.768395],[122.605214,10.768395],[122.605214,10.772895],[122.600714,10.772895],[122.600714,10.768395]]]},"properties":{"confidence":"M","basis":"M-overall (see _provenance; CR-007 PR 7)"}},{"type":"Feature","geometry":{"type":"Polygon","coordinates":[[[122.600714,10.772895],[122.605214,10.772895],[122.605214,10.777395],[122.600714,10.777395],[122.600714,10.772895]]]},"properties":{"confidence":"M","basis":"M-overall (see _provenance; CR-007 PR 7)"}},{"type":"Feature","geometry":{"type":"Polygon","coordinates":[[[122.600714,10.777395],[122.605214,10.777395],[122.605214,10.781895],[122.600714,10.781895],[122.600714,10.777395]]]},"properties":{"confidence":"M","basis":"M-overall (see _provenance; CR-007 PR 7)"}},{"type":"Feature","geometry":{"type":"Polygon","coordinates":[[[122.600714,10.781895],[122.605214,10.781895],[122.605214,10.786395],[122.600714,10.786395],[122.600714,10.781895]]]},"properties":{"confidence":"M","basis":"M-overall (see _provenance; CR-007 PR 7)"}},{"type":"Feature","geometry":{"type":"Polygon","coordinates":[[[122.600714,10.786395],[122.605214,10.786395],[122.605214,10.790895],[122.600714,10.790895],[122.600714,10.786395]]]},"properties":{"confidence":"M","basis":"M-overall (see _provenance; CR-007 PR 7)"}},{"type":"Feature","geometry":{"type":"Polygon","coordinates":[[[122.600714,10.790895],[122.605214,10.790895],[122.605214,10.795395],[122.600714,10.795395],[122.600714,10.790895]]]},"properties":{"confidence":"M","basis":"M-overall (see _provenance; CR-007 PR 7)"}},{"type":"Feature","geometry":{"type":"Polygon","coordinates":[[[122.600714,10.795395],[122.605214,10.795395],[122.605214,10.799895],[122.600714,10.799895],[122.600714,10.795395]]]},"properties":{"confidence":"M","basis":"M-overall (see _provenance; CR-007 PR 7)"}},{"type":"Feature","geometry":{"type":"Polygon","coordinates":[[[122.600714,10.799895],[122.605214,10.799895],[122.605214,10.804395],[122.600714,10.804395],[122.600714,10.799895]]]},"properties":{"confidence":"M","basis":"M-overall (see _provenance; CR-007 PR 7)"}},{"type":"Feature","geometry":{"type":"Polygon","coordinates":[[[122.600714,10.804395],[122.605214,10.804395],[122.605214,10.808895],[122.600714,10.808895],[122.600714,10.804395]]]},"properties":{"confidence":"M","basis":"M-overall (see _provenance; CR-007 PR 7)"}},{"type":"Feature","geometry":{"type":"Polygon","coordinates":[[[122.600714,10.808895],[122.605214,10.808895],[122.605214,10.812253495426909],[122.600714,10.812253495426909],[122.600714,10.808895]]]},"properties":{"confidence":"M","basis":"M-overall (see _provenance; CR-007 PR 7)"}},{"type":"Feature","geometry":{"type":"Polygon","coordinates":[[[122.605214,10.637895],[122.609714,10.637895],[122.609714,10.642395],[122.605214,10.642395],[122.605214,10.637895]]]},"properties":{"confidence":"M","basis":"M-overall (see _provenance; CR-007 PR 7)"}},{"type":"Feature","geometry":{"type":"Polygon","coordinates":[[[122.605214,10.642395],[122.609714,10.642395],[122.609714,10.646895],[122.605214,10.646895],[122.605214,10.642395]]]},"properties":{"confidence":"M","basis":"M-overall (see _provenance; CR-007 PR 7)"}},{"type":"Feature","geometry":{"type":"Polygon","coordinates":[[[122.605214,10.646895],[122.609714,10.646895],[122.609714,10.651395],[122.605214,10.651395],[122.605214,10.646895]]]},"properties":{"confidence":"M","basis":"M-overall (see _provenance; CR-007 PR 7)"}},{"type":"Feature","geometry":{"type":"Polygon","coordinates":[[[122.605214,10.651395],[122.609714,10.651395],[122.609714,10.655895],[122.605214,10.655895],[122.605214,10.651395]]]},"properties":{"confidence":"M","basis":"M-overall (see _provenance; CR-007 PR 7)"}},{"type":"Feature","geometry":{"type":"Polygon","coordinates":[[[122.605214,10.655895],[122.609714,10.655895],[122.609714,10.660395],[122.605214,10.660395],[122.605214,10.655895]]]},"properties":{"confidence":"M","basis":"M-overall (see _provenance; CR-007 PR 7)"}},{"type":"Feature","geometry":{"type":"Polygon","coordinates":[[[122.605214,10.660395],[122.609714,10.660395],[122.609714,10.664895],[122.605214,10.664895],[122.605214,10.660395]]]},"properties":{"confidence":"M","basis":"M-overall (see _provenance; CR-007 PR 7)"}},{"type":"Feature","geometry":{"type":"Polygon","coordinates":[[[122.605214,10.664895],[122.609714,10.664895],[122.609714,10.669395],[122.605214,10.669395],[122.605214,10.664895]]]},"properties":{"confidence":"M","basis":"M-overall (see _provenance; CR-007 PR 7)"}},{"type":"Feature","geometry":{"type":"Polygon","coordinates":[[[122.605214,10.669395],[122.609714,10.669395],[122.609714,10.673895],[122.605214,10.673895],[122.605214,10.669395]]]},"properties":{"confidence":"M","basis":"M-overall (see _provenance; CR-007 PR 7)"}},{"type":"Feature","geometry":{"type":"Polygon","coordinates":[[[122.605214,10.673895],[122.609714,10.673895],[122.609714,10.678395],[122.605214,10.678395],[122.605214,10.673895]]]},"properties":{"confidence":"M","basis":"M-overall (see _provenance; CR-007 PR 7)"}},{"type":"Feature","geometry":{"type":"Polygon","coordinates":[[[122.605214,10.678395],[122.609714,10.678395],[122.609714,10.682895],[122.605214,10.682895],[122.605214,10.678395]]]},"properties":{"confidence":"M","basis":"M-overall (see _provenance; CR-007 PR 7)"}},{"type":"Feature","geometry":{"type":"Polygon","coordinates":[[[122.605214,10.682895],[122.609714,10.682895],[122.609714,10.687395],[122.605214,10.687395],[122.605214,10.682895]]]},"properties":{"confidence":"M","basis":"M-overall (see _provenance; CR-007 PR 7)"}},{"type":"Feature","geometry":{"type":"Polygon","coordinates":[[[122.605214,10.687395],[122.609714,10.687395],[122.609714,10.691895],[122.605214,10.691895],[122.605214,10.687395]]]},"properties":{"confidence":"M","basis":"M-overall (see _provenance; CR-007 PR 7)"}},{"type":"Feature","geometry":{"type":"Polygon","coordinates":[[[122.605214,10.691895],[122.609714,10.691895],[122.609714,10.696395],[122.605214,10.696395],[122.605214,10.691895]]]},"properties":{"confidence":"M","basis":"M-overall (see _provenance; CR-007 PR 7)"}},{"type":"Feature","geometry":{"type":"Polygon","coordinates":[[[122.605214,10.696395],[122.609714,10.696395],[122.609714,10.700895],[122.605214,10.700895],[122.605214,10.696395]]]},"properties":{"confidence":"M","basis":"M-overall (see _provenance; CR-007 PR 7)"}},{"type":"Feature","geometry":{"type":"Polygon","coordinates":[[[122.605214,10.700895],[122.609714,10.700895],[122.609714,10.705395],[122.605214,10.705395],[122.605214,10.700895]]]},"properties":{"confidence":"M","basis":"M-overall (see _provenance; CR-007 PR 7)"}},{"type":"Feature","geometry":{"type":"Polygon","coordinates":[[[122.605214,10.705395],[122.609714,10.705395],[122.609714,10.709895],[122.605214,10.709895],[122.605214,10.705395]]]},"properties":{"confidence":"M","basis":"M-overall (see _provenance; CR-007 PR 7)"}},{"type":"Feature","geometry":{"type":"Polygon","coordinates":[[[122.605214,10.709895],[122.609714,10.709895],[122.609714,10.714395],[122.605214,10.714395],[122.605214,10.709895]]]},"properties":{"confidence":"M","basis":"M-overall (see _provenance; CR-007 PR 7)"}},{"type":"Feature","geometry":{"type":"Polygon","coordinates":[[[122.605214,10.714395],[122.609714,10.714395],[122.609714,10.718895],[122.605214,10.718895],[122.605214,10.714395]]]},"properties":{"confidence":"M","basis":"M-overall (see _provenance; CR-007 PR 7)"}},{"type":"Feature","geometry":{"type":"Polygon","coordinates":[[[122.605214,10.718895],[122.609714,10.718895],[122.609714,10.723395],[122.605214,10.723395],[122.605214,10.718895]]]},"properties":{"confidence":"M","basis":"M-overall (see _provenance; CR-007 PR 7)"}},{"type":"Feature","geometry":{"type":"Polygon","coordinates":[[[122.605214,10.723395],[122.609714,10.723395],[122.609714,10.727895],[122.605214,10.727895],[122.605214,10.723395]]]},"properties":{"confidence":"M","basis":"M-overall (see _provenance; CR-007 PR 7)"}},{"type":"Feature","geometry":{"type":"Polygon","coordinates":[[[122.605214,10.727895],[122.609714,10.727895],[122.609714,10.732395],[122.605214,10.732395],[122.605214,10.727895]]]},"properties":{"confidence":"M","basis":"M-overall (see _provenance; CR-007 PR 7)"}},{"type":"Feature","geometry":{"type":"Polygon","coordinates":[[[122.605214,10.732395],[122.609714,10.732395],[122.609714,10.736895],[122.605214,10.736895],[122.605214,10.732395]]]},"properties":{"confidence":"M","basis":"M-overall (see _provenance; CR-007 PR 7)"}},{"type":"Feature","geometry":{"type":"Polygon","coordinates":[[[122.605214,10.736895],[122.609714,10.736895],[122.609714,10.741395],[122.605214,10.741395],[122.605214,10.736895]]]},"properties":{"confidence":"M","basis":"M-overall (see _provenance; CR-007 PR 7)"}},{"type":"Feature","geometry":{"type":"Polygon","coordinates":[[[122.605214,10.741395],[122.609714,10.741395],[122.609714,10.745895],[122.605214,10.745895],[122.605214,10.741395]]]},"properties":{"confidence":"M","basis":"M-overall (see _provenance; CR-007 PR 7)"}},{"type":"Feature","geometry":{"type":"Polygon","coordinates":[[[122.605214,10.745895],[122.609714,10.745895],[122.609714,10.750395],[122.605214,10.750395],[122.605214,10.745895]]]},"properties":{"confidence":"M","basis":"M-overall (see _provenance; CR-007 PR 7)"}},{"type":"Feature","geometry":{"type":"Polygon","coordinates":[[[122.605214,10.750395],[122.609714,10.750395],[122.609714,10.754895],[122.605214,10.754895],[122.605214,10.750395]]]},"properties":{"confidence":"M","basis":"M-overall (see _provenance; CR-007 PR 7)"}},{"type":"Feature","geometry":{"type":"Polygon","coordinates":[[[122.605214,10.754895],[122.609714,10.754895],[122.609714,10.759395],[122.605214,10.759395],[122.605214,10.754895]]]},"properties":{"confidence":"M","basis":"M-overall (see _provenance; CR-007 PR 7)"}},{"type":"Feature","geometry":{"type":"Polygon","coordinates":[[[122.605214,10.759395],[122.609714,10.759395],[122.609714,10.763895],[122.605214,10.763895],[122.605214,10.759395]]]},"properties":{"confidence":"M","basis":"M-overall (see _provenance; CR-007 PR 7)"}},{"type":"Feature","geometry":{"type":"Polygon","coordinates":[[[122.605214,10.763895],[122.609714,10.763895],[122.609714,10.768395],[122.605214,10.768395],[122.605214,10.763895]]]},"properties":{"confidence":"M","basis":"M-overall (see _provenance; CR-007 PR 7)"}},{"type":"Feature","geometry":{"type":"Polygon","coordinates":[[[122.605214,10.768395],[122.609714,10.768395],[122.609714,10.772895],[122.605214,10.772895],[122.605214,10.768395]]]},"properties":{"confidence":"M","basis":"M-overall (see _provenance; CR-007 PR 7)"}},{"type":"Feature","geometry":{"type":"Polygon","coordinates":[[[122.605214,10.772895],[122.609714,10.772895],[122.609714,10.777395],[122.605214,10.777395],[122.605214,10.772895]]]},"properties":{"confidence":"M","basis":"M-overall (see _provenance; CR-007 PR 7)"}},{"type":"Feature","geometry":{"type":"Polygon","coordinates":[[[122.605214,10.777395],[122.609714,10.777395],[122.609714,10.781895],[122.605214,10.781895],[122.605214,10.777395]]]},"properties":{"confidence":"M","basis":"M-overall (see _provenance; CR-007 PR 7)"}},{"type":"Feature","geometry":{"type":"Polygon","coordinates":[[[122.605214,10.781895],[122.609714,10.781895],[122.609714,10.786395],[122.605214,10.786395],[122.605214,10.781895]]]},"properties":{"confidence":"M","basis":"M-overall (see _provenance; CR-007 PR 7)"}},{"type":"Feature","geometry":{"type":"Polygon","coordinates":[[[122.605214,10.786395],[122.609714,10.786395],[122.609714,10.790895],[122.605214,10.790895],[122.605214,10.786395]]]},"properties":{"confidence":"M","basis":"M-overall (see _provenance; CR-007 PR 7)"}},{"type":"Feature","geometry":{"type":"Polygon","coordinates":[[[122.605214,10.790895],[122.609714,10.790895],[122.609714,10.795395],[122.605214,10.795395],[122.605214,10.790895]]]},"properties":{"confidence":"M","basis":"M-overall (see _provenance; CR-007 PR 7)"}},{"type":"Feature","geometry":{"type":"Polygon","coordinates":[[[122.605214,10.795395],[122.609714,10.795395],[122.609714,10.799895],[122.605214,10.799895],[122.605214,10.795395]]]},"properties":{"confidence":"M","basis":"M-overall (see _provenance; CR-007 PR 7)"}},{"type":"Feature","geometry":{"type":"Polygon","coordinates":[[[122.605214,10.799895],[122.609714,10.799895],[122.609714,10.804395],[122.605214,10.804395],[122.605214,10.799895]]]},"properties":{"confidence":"M","basis":"M-overall (see _provenance; CR-007 PR 7)"}},{"type":"Feature","geometry":{"type":"Polygon","coordinates":[[[122.605214,10.804395],[122.609714,10.804395],[122.609714,10.808895],[122.605214,10.808895],[122.605214,10.804395]]]},"properties":{"confidence":"M","basis":"M-overall (see _provenance; CR-007 PR 7)"}},{"type":"Feature","geometry":{"type":"Polygon","coordinates":[[[122.605214,10.808895],[122.609714,10.808895],[122.609714,10.812253495426909],[122.605214,10.812253495426909],[122.605214,10.808895]]]},"properties":{"confidence":"M","basis":"M-overall (see _provenance; CR-007 PR 7)"}},{"type":"Feature","geometry":{"type":"Polygon","coordinates":[[[122.609714,10.637895],[122.614214,10.637895],[122.614214,10.642395],[122.609714,10.642395],[122.609714,10.637895]]]},"properties":{"confidence":"M","basis":"M-overall (see _provenance; CR-007 PR 7)"}},{"type":"Feature","geometry":{"type":"Polygon","coordinates":[[[122.609714,10.642395],[122.614214,10.642395],[122.614214,10.646895],[122.609714,10.646895],[122.609714,10.642395]]]},"properties":{"confidence":"M","basis":"M-overall (see _provenance; CR-007 PR 7)"}},{"type":"Feature","geometry":{"type":"Polygon","coordinates":[[[122.609714,10.646895],[122.614214,10.646895],[122.614214,10.651395],[122.609714,10.651395],[122.609714,10.646895]]]},"properties":{"confidence":"M","basis":"M-overall (see _provenance; CR-007 PR 7)"}},{"type":"Feature","geometry":{"type":"Polygon","coordinates":[[[122.609714,10.651395],[122.614214,10.651395],[122.614214,10.655895],[122.609714,10.655895],[122.609714,10.651395]]]},"properties":{"confidence":"M","basis":"M-overall (see _provenance; CR-007 PR 7)"}},{"type":"Feature","geometry":{"type":"Polygon","coordinates":[[[122.609714,10.655895],[122.614214,10.655895],[122.614214,10.660395],[122.609714,10.660395],[122.609714,10.655895]]]},"properties":{"confidence":"M","basis":"M-overall (see _provenance; CR-007 PR 7)"}},{"type":"Feature","geometry":{"type":"Polygon","coordinates":[[[122.609714,10.660395],[122.614214,10.660395],[122.614214,10.664895],[122.609714,10.664895],[122.609714,10.660395]]]},"properties":{"confidence":"M","basis":"M-overall (see _provenance; CR-007 PR 7)"}},{"type":"Feature","geometry":{"type":"Polygon","coordinates":[[[122.609714,10.664895],[122.614214,10.664895],[122.614214,10.669395],[122.609714,10.669395],[122.609714,10.664895]]]},"properties":{"confidence":"M","basis":"M-overall (see _provenance; CR-007 PR 7)"}},{"type":"Feature","geometry":{"type":"Polygon","coordinates":[[[122.609714,10.669395],[122.614214,10.669395],[122.614214,10.673895],[122.609714,10.673895],[122.609714,10.669395]]]},"properties":{"confidence":"M","basis":"M-overall (see _provenance; CR-007 PR 7)"}},{"type":"Feature","geometry":{"type":"Polygon","coordinates":[[[122.609714,10.673895],[122.614214,10.673895],[122.614214,10.678395],[122.609714,10.678395],[122.609714,10.673895]]]},"properties":{"confidence":"M","basis":"M-overall (see _provenance; CR-007 PR 7)"}},{"type":"Feature","geometry":{"type":"Polygon","coordinates":[[[122.609714,10.678395],[122.614214,10.678395],[122.614214,10.682895],[122.609714,10.682895],[122.609714,10.678395]]]},"properties":{"confidence":"M","basis":"M-overall (see _provenance; CR-007 PR 7)"}},{"type":"Feature","geometry":{"type":"Polygon","coordinates":[[[122.609714,10.682895],[122.614214,10.682895],[122.614214,10.687395],[122.609714,10.687395],[122.609714,10.682895]]]},"properties":{"confidence":"M","basis":"M-overall (see _provenance; CR-007 PR 7)"}},{"type":"Feature","geometry":{"type":"Polygon","coordinates":[[[122.609714,10.687395],[122.614214,10.687395],[122.614214,10.691895],[122.609714,10.691895],[122.609714,10.687395]]]},"properties":{"confidence":"M","basis":"M-overall (see _provenance; CR-007 PR 7)"}},{"type":"Feature","geometry":{"type":"Polygon","coordinates":[[[122.609714,10.691895],[122.614214,10.691895],[122.614214,10.696395],[122.609714,10.696395],[122.609714,10.691895]]]},"properties":{"confidence":"M","basis":"M-overall (see _provenance; CR-007 PR 7)"}},{"type":"Feature","geometry":{"type":"Polygon","coordinates":[[[122.609714,10.696395],[122.614214,10.696395],[122.614214,10.700895],[122.609714,10.700895],[122.609714,10.696395]]]},"properties":{"confidence":"M","basis":"M-overall (see _provenance; CR-007 PR 7)"}},{"type":"Feature","geometry":{"type":"Polygon","coordinates":[[[122.609714,10.700895],[122.614214,10.700895],[122.614214,10.705395],[122.609714,10.705395],[122.609714,10.700895]]]},"properties":{"confidence":"M","basis":"M-overall (see _provenance; CR-007 PR 7)"}},{"type":"Feature","geometry":{"type":"Polygon","coordinates":[[[122.609714,10.705395],[122.614214,10.705395],[122.614214,10.709895],[122.609714,10.709895],[122.609714,10.705395]]]},"properties":{"confidence":"M","basis":"M-overall (see _provenance; CR-007 PR 7)"}},{"type":"Feature","geometry":{"type":"Polygon","coordinates":[[[122.609714,10.709895],[122.614214,10.709895],[122.614214,10.714395],[122.609714,10.714395],[122.609714,10.709895]]]},"properties":{"confidence":"M","basis":"M-overall (see _provenance; CR-007 PR 7)"}},{"type":"Feature","geometry":{"type":"Polygon","coordinates":[[[122.609714,10.714395],[122.614214,10.714395],[122.614214,10.718895],[122.609714,10.718895],[122.609714,10.714395]]]},"properties":{"confidence":"M","basis":"M-overall (see _provenance; CR-007 PR 7)"}},{"type":"Feature","geometry":{"type":"Polygon","coordinates":[[[122.609714,10.718895],[122.614214,10.718895],[122.614214,10.723395],[122.609714,10.723395],[122.609714,10.718895]]]},"properties":{"confidence":"M","basis":"M-overall (see _provenance; CR-007 PR 7)"}},{"type":"Feature","geometry":{"type":"Polygon","coordinates":[[[122.609714,10.723395],[122.614214,10.723395],[122.614214,10.727895],[122.609714,10.727895],[122.609714,10.723395]]]},"properties":{"confidence":"M","basis":"M-overall (see _provenance; CR-007 PR 7)"}},{"type":"Feature","geometry":{"type":"Polygon","coordinates":[[[122.609714,10.727895],[122.614214,10.727895],[122.614214,10.732395],[122.609714,10.732395],[122.609714,10.727895]]]},"properties":{"confidence":"M","basis":"M-overall (see _provenance; CR-007 PR 7)"}},{"type":"Feature","geometry":{"type":"Polygon","coordinates":[[[122.609714,10.732395],[122.614214,10.732395],[122.614214,10.736895],[122.609714,10.736895],[122.609714,10.732395]]]},"properties":{"confidence":"M","basis":"M-overall (see _provenance; CR-007 PR 7)"}},{"type":"Feature","geometry":{"type":"Polygon","coordinates":[[[122.609714,10.736895],[122.614214,10.736895],[122.614214,10.741395],[122.609714,10.741395],[122.609714,10.736895]]]},"properties":{"confidence":"M","basis":"M-overall (see _provenance; CR-007 PR 7)"}},{"type":"Feature","geometry":{"type":"Polygon","coordinates":[[[122.609714,10.741395],[122.614214,10.741395],[122.614214,10.745895],[122.609714,10.745895],[122.609714,10.741395]]]},"properties":{"confidence":"M","basis":"M-overall (see _provenance; CR-007 PR 7)"}},{"type":"Feature","geometry":{"type":"Polygon","coordinates":[[[122.609714,10.745895],[122.614214,10.745895],[122.614214,10.750395],[122.609714,10.750395],[122.609714,10.745895]]]},"properties":{"confidence":"M","basis":"M-overall (see _provenance; CR-007 PR 7)"}},{"type":"Feature","geometry":{"type":"Polygon","coordinates":[[[122.609714,10.750395],[122.614214,10.750395],[122.614214,10.754895],[122.609714,10.754895],[122.609714,10.750395]]]},"properties":{"confidence":"M","basis":"M-overall (see _provenance; CR-007 PR 7)"}},{"type":"Feature","geometry":{"type":"Polygon","coordinates":[[[122.609714,10.754895],[122.614214,10.754895],[122.614214,10.759395],[122.609714,10.759395],[122.609714,10.754895]]]},"properties":{"confidence":"M","basis":"M-overall (see _provenance; CR-007 PR 7)"}},{"type":"Feature","geometry":{"type":"Polygon","coordinates":[[[122.609714,10.759395],[122.614214,10.759395],[122.614214,10.763895],[122.609714,10.763895],[122.609714,10.759395]]]},"properties":{"confidence":"M","basis":"M-overall (see _provenance; CR-007 PR 7)"}},{"type":"Feature","geometry":{"type":"Polygon","coordinates":[[[122.609714,10.763895],[122.614214,10.763895],[122.614214,10.768395],[122.609714,10.768395],[122.609714,10.763895]]]},"properties":{"confidence":"M","basis":"M-overall (see _provenance; CR-007 PR 7)"}},{"type":"Feature","geometry":{"type":"Polygon","coordinates":[[[122.609714,10.768395],[122.614214,10.768395],[122.614214,10.772895],[122.609714,10.772895],[122.609714,10.768395]]]},"properties":{"confidence":"M","basis":"M-overall (see _provenance; CR-007 PR 7)"}},{"type":"Feature","geometry":{"type":"Polygon","coordinates":[[[122.609714,10.772895],[122.614214,10.772895],[122.614214,10.777395],[122.609714,10.777395],[122.609714,10.772895]]]},"properties":{"confidence":"M","basis":"M-overall (see _provenance; CR-007 PR 7)"}},{"type":"Feature","geometry":{"type":"Polygon","coordinates":[[[122.609714,10.777395],[122.614214,10.777395],[122.614214,10.781895],[122.609714,10.781895],[122.609714,10.777395]]]},"properties":{"confidence":"M","basis":"M-overall (see _provenance; CR-007 PR 7)"}},{"type":"Feature","geometry":{"type":"Polygon","coordinates":[[[122.609714,10.781895],[122.614214,10.781895],[122.614214,10.786395],[122.609714,10.786395],[122.609714,10.781895]]]},"properties":{"confidence":"M","basis":"M-overall (see _provenance; CR-007 PR 7)"}},{"type":"Feature","geometry":{"type":"Polygon","coordinates":[[[122.609714,10.786395],[122.614214,10.786395],[122.614214,10.790895],[122.609714,10.790895],[122.609714,10.786395]]]},"properties":{"confidence":"M","basis":"M-overall (see _provenance; CR-007 PR 7)"}},{"type":"Feature","geometry":{"type":"Polygon","coordinates":[[[122.609714,10.790895],[122.614214,10.790895],[122.614214,10.795395],[122.609714,10.795395],[122.609714,10.790895]]]},"properties":{"confidence":"M","basis":"M-overall (see _provenance; CR-007 PR 7)"}},{"type":"Feature","geometry":{"type":"Polygon","coordinates":[[[122.609714,10.795395],[122.614214,10.795395],[122.614214,10.799895],[122.609714,10.799895],[122.609714,10.795395]]]},"properties":{"confidence":"M","basis":"M-overall (see _provenance; CR-007 PR 7)"}},{"type":"Feature","geometry":{"type":"Polygon","coordinates":[[[122.609714,10.799895],[122.614214,10.799895],[122.614214,10.804395],[122.609714,10.804395],[122.609714,10.799895]]]},"properties":{"confidence":"M","basis":"M-overall (see _provenance; CR-007 PR 7)"}},{"type":"Feature","geometry":{"type":"Polygon","coordinates":[[[122.609714,10.804395],[122.614214,10.804395],[122.614214,10.808895],[122.609714,10.808895],[122.609714,10.804395]]]},"properties":{"confidence":"M","basis":"M-overall (see _provenance; CR-007 PR 7)"}},{"type":"Feature","geometry":{"type":"Polygon","coordinates":[[[122.609714,10.808895],[122.614214,10.808895],[122.614214,10.812253495426909],[122.609714,10.812253495426909],[122.609714,10.808895]]]},"properties":{"confidence":"M","basis":"M-overall (see _provenance; CR-007 PR 7)"}},{"type":"Feature","geometry":{"type":"Polygon","coordinates":[[[122.614214,10.637895],[122.618714,10.637895],[122.618714,10.642395],[122.614214,10.642395],[122.614214,10.637895]]]},"properties":{"confidence":"M","basis":"M-overall (see _provenance; CR-007 PR 7)"}},{"type":"Feature","geometry":{"type":"Polygon","coordinates":[[[122.614214,10.642395],[122.618714,10.642395],[122.618714,10.646895],[122.614214,10.646895],[122.614214,10.642395]]]},"properties":{"confidence":"M","basis":"M-overall (see _provenance; CR-007 PR 7)"}},{"type":"Feature","geometry":{"type":"Polygon","coordinates":[[[122.614214,10.646895],[122.618714,10.646895],[122.618714,10.651395],[122.614214,10.651395],[122.614214,10.646895]]]},"properties":{"confidence":"M","basis":"M-overall (see _provenance; CR-007 PR 7)"}},{"type":"Feature","geometry":{"type":"Polygon","coordinates":[[[122.614214,10.651395],[122.618714,10.651395],[122.618714,10.655895],[122.614214,10.655895],[122.614214,10.651395]]]},"properties":{"confidence":"M","basis":"M-overall (see _provenance; CR-007 PR 7)"}},{"type":"Feature","geometry":{"type":"Polygon","coordinates":[[[122.614214,10.655895],[122.618714,10.655895],[122.618714,10.660395],[122.614214,10.660395],[122.614214,10.655895]]]},"properties":{"confidence":"M","basis":"M-overall (see _provenance; CR-007 PR 7)"}},{"type":"Feature","geometry":{"type":"Polygon","coordinates":[[[122.614214,10.660395],[122.618714,10.660395],[122.618714,10.664895],[122.614214,10.664895],[122.614214,10.660395]]]},"properties":{"confidence":"M","basis":"M-overall (see _provenance; CR-007 PR 7)"}},{"type":"Feature","geometry":{"type":"Polygon","coordinates":[[[122.614214,10.664895],[122.618714,10.664895],[122.618714,10.669395],[122.614214,10.669395],[122.614214,10.664895]]]},"properties":{"confidence":"M","basis":"M-overall (see _provenance; CR-007 PR 7)"}},{"type":"Feature","geometry":{"type":"Polygon","coordinates":[[[122.614214,10.669395],[122.618714,10.669395],[122.618714,10.673895],[122.614214,10.673895],[122.614214,10.669395]]]},"properties":{"confidence":"M","basis":"M-overall (see _provenance; CR-007 PR 7)"}},{"type":"Feature","geometry":{"type":"Polygon","coordinates":[[[122.614214,10.673895],[122.618714,10.673895],[122.618714,10.678395],[122.614214,10.678395],[122.614214,10.673895]]]},"properties":{"confidence":"M","basis":"M-overall (see _provenance; CR-007 PR 7)"}},{"type":"Feature","geometry":{"type":"Polygon","coordinates":[[[122.614214,10.678395],[122.618714,10.678395],[122.618714,10.682895],[122.614214,10.682895],[122.614214,10.678395]]]},"properties":{"confidence":"M","basis":"M-overall (see _provenance; CR-007 PR 7)"}},{"type":"Feature","geometry":{"type":"Polygon","coordinates":[[[122.614214,10.682895],[122.618714,10.682895],[122.618714,10.687395],[122.614214,10.687395],[122.614214,10.682895]]]},"properties":{"confidence":"M","basis":"M-overall (see _provenance; CR-007 PR 7)"}},{"type":"Feature","geometry":{"type":"Polygon","coordinates":[[[122.614214,10.687395],[122.618714,10.687395],[122.618714,10.691895],[122.614214,10.691895],[122.614214,10.687395]]]},"properties":{"confidence":"M","basis":"M-overall (see _provenance; CR-007 PR 7)"}},{"type":"Feature","geometry":{"type":"Polygon","coordinates":[[[122.614214,10.691895],[122.618714,10.691895],[122.618714,10.696395],[122.614214,10.696395],[122.614214,10.691895]]]},"properties":{"confidence":"M","basis":"M-overall (see _provenance; CR-007 PR 7)"}},{"type":"Feature","geometry":{"type":"Polygon","coordinates":[[[122.614214,10.696395],[122.618714,10.696395],[122.618714,10.700895],[122.614214,10.700895],[122.614214,10.696395]]]},"properties":{"confidence":"M","basis":"M-overall (see _provenance; CR-007 PR 7)"}},{"type":"Feature","geometry":{"type":"Polygon","coordinates":[[[122.614214,10.700895],[122.618714,10.700895],[122.618714,10.705395],[122.614214,10.705395],[122.614214,10.700895]]]},"properties":{"confidence":"M","basis":"M-overall (see _provenance; CR-007 PR 7)"}},{"type":"Feature","geometry":{"type":"Polygon","coordinates":[[[122.614214,10.705395],[122.618714,10.705395],[122.618714,10.709895],[122.614214,10.709895],[122.614214,10.705395]]]},"properties":{"confidence":"M","basis":"M-overall (see _provenance; CR-007 PR 7)"}},{"type":"Feature","geometry":{"type":"Polygon","coordinates":[[[122.614214,10.709895],[122.618714,10.709895],[122.618714,10.714395],[122.614214,10.714395],[122.614214,10.709895]]]},"properties":{"confidence":"M","basis":"M-overall (see _provenance; CR-007 PR 7)"}},{"type":"Feature","geometry":{"type":"Polygon","coordinates":[[[122.614214,10.714395],[122.618714,10.714395],[122.618714,10.718895],[122.614214,10.718895],[122.614214,10.714395]]]},"properties":{"confidence":"M","basis":"M-overall (see _provenance; CR-007 PR 7)"}},{"type":"Feature","geometry":{"type":"Polygon","coordinates":[[[122.614214,10.718895],[122.618714,10.718895],[122.618714,10.723395],[122.614214,10.723395],[122.614214,10.718895]]]},"properties":{"confidence":"M","basis":"M-overall (see _provenance; CR-007 PR 7)"}},{"type":"Feature","geometry":{"type":"Polygon","coordinates":[[[122.614214,10.723395],[122.618714,10.723395],[122.618714,10.727895],[122.614214,10.727895],[122.614214,10.723395]]]},"properties":{"confidence":"M","basis":"M-overall (see _provenance; CR-007 PR 7)"}},{"type":"Feature","geometry":{"type":"Polygon","coordinates":[[[122.614214,10.727895],[122.618714,10.727895],[122.618714,10.732395],[122.614214,10.732395],[122.614214,10.727895]]]},"properties":{"confidence":"M","basis":"M-overall (see _provenance; CR-007 PR 7)"}},{"type":"Feature","geometry":{"type":"Polygon","coordinates":[[[122.614214,10.732395],[122.618714,10.732395],[122.618714,10.736895],[122.614214,10.736895],[122.614214,10.732395]]]},"properties":{"confidence":"M","basis":"M-overall (see _provenance; CR-007 PR 7)"}},{"type":"Feature","geometry":{"type":"Polygon","coordinates":[[[122.614214,10.736895],[122.618714,10.736895],[122.618714,10.741395],[122.614214,10.741395],[122.614214,10.736895]]]},"properties":{"confidence":"M","basis":"M-overall (see _provenance; CR-007 PR 7)"}},{"type":"Feature","geometry":{"type":"Polygon","coordinates":[[[122.614214,10.741395],[122.618714,10.741395],[122.618714,10.745895],[122.614214,10.745895],[122.614214,10.741395]]]},"properties":{"confidence":"M","basis":"M-overall (see _provenance; CR-007 PR 7)"}},{"type":"Feature","geometry":{"type":"Polygon","coordinates":[[[122.614214,10.745895],[122.618714,10.745895],[122.618714,10.750395],[122.614214,10.750395],[122.614214,10.745895]]]},"properties":{"confidence":"M","basis":"M-overall (see _provenance; CR-007 PR 7)"}},{"type":"Feature","geometry":{"type":"Polygon","coordinates":[[[122.614214,10.750395],[122.618714,10.750395],[122.618714,10.754895],[122.614214,10.754895],[122.614214,10.750395]]]},"properties":{"confidence":"M","basis":"M-overall (see _provenance; CR-007 PR 7)"}},{"type":"Feature","geometry":{"type":"Polygon","coordinates":[[[122.614214,10.754895],[122.618714,10.754895],[122.618714,10.759395],[122.614214,10.759395],[122.614214,10.754895]]]},"properties":{"confidence":"M","basis":"M-overall (see _provenance; CR-007 PR 7)"}},{"type":"Feature","geometry":{"type":"Polygon","coordinates":[[[122.614214,10.759395],[122.618714,10.759395],[122.618714,10.763895],[122.614214,10.763895],[122.614214,10.759395]]]},"properties":{"confidence":"M","basis":"M-overall (see _provenance; CR-007 PR 7)"}},{"type":"Feature","geometry":{"type":"Polygon","coordinates":[[[122.614214,10.763895],[122.618714,10.763895],[122.618714,10.768395],[122.614214,10.768395],[122.614214,10.763895]]]},"properties":{"confidence":"M","basis":"M-overall (see _provenance; CR-007 PR 7)"}},{"type":"Feature","geometry":{"type":"Polygon","coordinates":[[[122.614214,10.768395],[122.618714,10.768395],[122.618714,10.772895],[122.614214,10.772895],[122.614214,10.768395]]]},"properties":{"confidence":"M","basis":"M-overall (see _provenance; CR-007 PR 7)"}},{"type":"Feature","geometry":{"type":"Polygon","coordinates":[[[122.614214,10.772895],[122.618714,10.772895],[122.618714,10.777395],[122.614214,10.777395],[122.614214,10.772895]]]},"properties":{"confidence":"M","basis":"M-overall (see _provenance; CR-007 PR 7)"}},{"type":"Feature","geometry":{"type":"Polygon","coordinates":[[[122.614214,10.777395],[122.618714,10.777395],[122.618714,10.781895],[122.614214,10.781895],[122.614214,10.777395]]]},"properties":{"confidence":"M","basis":"M-overall (see _provenance; CR-007 PR 7)"}},{"type":"Feature","geometry":{"type":"Polygon","coordinates":[[[122.614214,10.781895],[122.618714,10.781895],[122.618714,10.786395],[122.614214,10.786395],[122.614214,10.781895]]]},"properties":{"confidence":"M","basis":"M-overall (see _provenance; CR-007 PR 7)"}},{"type":"Feature","geometry":{"type":"Polygon","coordinates":[[[122.614214,10.786395],[122.618714,10.786395],[122.618714,10.790895],[122.614214,10.790895],[122.614214,10.786395]]]},"properties":{"confidence":"M","basis":"M-overall (see _provenance; CR-007 PR 7)"}},{"type":"Feature","geometry":{"type":"Polygon","coordinates":[[[122.614214,10.790895],[122.618714,10.790895],[122.618714,10.795395],[122.614214,10.795395],[122.614214,10.790895]]]},"properties":{"confidence":"M","basis":"M-overall (see _provenance; CR-007 PR 7)"}},{"type":"Feature","geometry":{"type":"Polygon","coordinates":[[[122.614214,10.795395],[122.618714,10.795395],[122.618714,10.799895],[122.614214,10.799895],[122.614214,10.795395]]]},"properties":{"confidence":"M","basis":"M-overall (see _provenance; CR-007 PR 7)"}},{"type":"Feature","geometry":{"type":"Polygon","coordinates":[[[122.614214,10.799895],[122.618714,10.799895],[122.618714,10.804395],[122.614214,10.804395],[122.614214,10.799895]]]},"properties":{"confidence":"M","basis":"M-overall (see _provenance; CR-007 PR 7)"}},{"type":"Feature","geometry":{"type":"Polygon","coordinates":[[[122.614214,10.804395],[122.618714,10.804395],[122.618714,10.808895],[122.614214,10.808895],[122.614214,10.804395]]]},"properties":{"confidence":"M","basis":"M-overall (see _provenance; CR-007 PR 7)"}},{"type":"Feature","geometry":{"type":"Polygon","coordinates":[[[122.614214,10.808895],[122.618714,10.808895],[122.618714,10.812253495426909],[122.614214,10.812253495426909],[122.614214,10.808895]]]},"properties":{"confidence":"M","basis":"M-overall (see _provenance; CR-007 PR 7)"}},{"type":"Feature","geometry":{"type":"Polygon","coordinates":[[[122.618714,10.637895],[122.623214,10.637895],[122.623214,10.642395],[122.618714,10.642395],[122.618714,10.637895]]]},"properties":{"confidence":"M","basis":"M-overall (see _provenance; CR-007 PR 7)"}},{"type":"Feature","geometry":{"type":"Polygon","coordinates":[[[122.618714,10.642395],[122.623214,10.642395],[122.623214,10.646895],[122.618714,10.646895],[122.618714,10.642395]]]},"properties":{"confidence":"M","basis":"M-overall (see _provenance; CR-007 PR 7)"}},{"type":"Feature","geometry":{"type":"Polygon","coordinates":[[[122.618714,10.646895],[122.623214,10.646895],[122.623214,10.651395],[122.618714,10.651395],[122.618714,10.646895]]]},"properties":{"confidence":"M","basis":"M-overall (see _provenance; CR-007 PR 7)"}},{"type":"Feature","geometry":{"type":"Polygon","coordinates":[[[122.618714,10.651395],[122.623214,10.651395],[122.623214,10.655895],[122.618714,10.655895],[122.618714,10.651395]]]},"properties":{"confidence":"M","basis":"M-overall (see _provenance; CR-007 PR 7)"}},{"type":"Feature","geometry":{"type":"Polygon","coordinates":[[[122.618714,10.655895],[122.623214,10.655895],[122.623214,10.660395],[122.618714,10.660395],[122.618714,10.655895]]]},"properties":{"confidence":"M","basis":"M-overall (see _provenance; CR-007 PR 7)"}},{"type":"Feature","geometry":{"type":"Polygon","coordinates":[[[122.618714,10.660395],[122.623214,10.660395],[122.623214,10.664895],[122.618714,10.664895],[122.618714,10.660395]]]},"properties":{"confidence":"M","basis":"M-overall (see _provenance; CR-007 PR 7)"}},{"type":"Feature","geometry":{"type":"Polygon","coordinates":[[[122.618714,10.664895],[122.623214,10.664895],[122.623214,10.669395],[122.618714,10.669395],[122.618714,10.664895]]]},"properties":{"confidence":"M","basis":"M-overall (see _provenance; CR-007 PR 7)"}},{"type":"Feature","geometry":{"type":"Polygon","coordinates":[[[122.618714,10.669395],[122.623214,10.669395],[122.623214,10.673895],[122.618714,10.673895],[122.618714,10.669395]]]},"properties":{"confidence":"M","basis":"M-overall (see _provenance; CR-007 PR 7)"}},{"type":"Feature","geometry":{"type":"Polygon","coordinates":[[[122.618714,10.673895],[122.623214,10.673895],[122.623214,10.678395],[122.618714,10.678395],[122.618714,10.673895]]]},"properties":{"confidence":"M","basis":"M-overall (see _provenance; CR-007 PR 7)"}},{"type":"Feature","geometry":{"type":"Polygon","coordinates":[[[122.618714,10.678395],[122.623214,10.678395],[122.623214,10.682895],[122.618714,10.682895],[122.618714,10.678395]]]},"properties":{"confidence":"M","basis":"M-overall (see _provenance; CR-007 PR 7)"}},{"type":"Feature","geometry":{"type":"Polygon","coordinates":[[[122.618714,10.682895],[122.623214,10.682895],[122.623214,10.687395],[122.618714,10.687395],[122.618714,10.682895]]]},"properties":{"confidence":"M","basis":"M-overall (see _provenance; CR-007 PR 7)"}},{"type":"Feature","geometry":{"type":"Polygon","coordinates":[[[122.618714,10.687395],[122.623214,10.687395],[122.623214,10.691895],[122.618714,10.691895],[122.618714,10.687395]]]},"properties":{"confidence":"M","basis":"M-overall (see _provenance; CR-007 PR 7)"}},{"type":"Feature","geometry":{"type":"Polygon","coordinates":[[[122.618714,10.691895],[122.623214,10.691895],[122.623214,10.696395],[122.618714,10.696395],[122.618714,10.691895]]]},"properties":{"confidence":"M","basis":"M-overall (see _provenance; CR-007 PR 7)"}},{"type":"Feature","geometry":{"type":"Polygon","coordinates":[[[122.618714,10.696395],[122.623214,10.696395],[122.623214,10.700895],[122.618714,10.700895],[122.618714,10.696395]]]},"properties":{"confidence":"M","basis":"M-overall (see _provenance; CR-007 PR 7)"}},{"type":"Feature","geometry":{"type":"Polygon","coordinates":[[[122.618714,10.700895],[122.623214,10.700895],[122.623214,10.705395],[122.618714,10.705395],[122.618714,10.700895]]]},"properties":{"confidence":"M","basis":"M-overall (see _provenance; CR-007 PR 7)"}},{"type":"Feature","geometry":{"type":"Polygon","coordinates":[[[122.618714,10.705395],[122.623214,10.705395],[122.623214,10.709895],[122.618714,10.709895],[122.618714,10.705395]]]},"properties":{"confidence":"M","basis":"M-overall (see _provenance; CR-007 PR 7)"}},{"type":"Feature","geometry":{"type":"Polygon","coordinates":[[[122.618714,10.709895],[122.623214,10.709895],[122.623214,10.714395],[122.618714,10.714395],[122.618714,10.709895]]]},"properties":{"confidence":"M","basis":"M-overall (see _provenance; CR-007 PR 7)"}},{"type":"Feature","geometry":{"type":"Polygon","coordinates":[[[122.618714,10.714395],[122.623214,10.714395],[122.623214,10.718895],[122.618714,10.718895],[122.618714,10.714395]]]},"properties":{"confidence":"M","basis":"M-overall (see _provenance; CR-007 PR 7)"}},{"type":"Feature","geometry":{"type":"Polygon","coordinates":[[[122.618714,10.718895],[122.623214,10.718895],[122.623214,10.723395],[122.618714,10.723395],[122.618714,10.718895]]]},"properties":{"confidence":"M","basis":"M-overall (see _provenance; CR-007 PR 7)"}},{"type":"Feature","geometry":{"type":"Polygon","coordinates":[[[122.618714,10.723395],[122.623214,10.723395],[122.623214,10.727895],[122.618714,10.727895],[122.618714,10.723395]]]},"properties":{"confidence":"M","basis":"M-overall (see _provenance; CR-007 PR 7)"}},{"type":"Feature","geometry":{"type":"Polygon","coordinates":[[[122.618714,10.727895],[122.623214,10.727895],[122.623214,10.732395],[122.618714,10.732395],[122.618714,10.727895]]]},"properties":{"confidence":"M","basis":"M-overall (see _provenance; CR-007 PR 7)"}},{"type":"Feature","geometry":{"type":"Polygon","coordinates":[[[122.618714,10.732395],[122.623214,10.732395],[122.623214,10.736895],[122.618714,10.736895],[122.618714,10.732395]]]},"properties":{"confidence":"M","basis":"M-overall (see _provenance; CR-007 PR 7)"}},{"type":"Feature","geometry":{"type":"Polygon","coordinates":[[[122.618714,10.736895],[122.623214,10.736895],[122.623214,10.741395],[122.618714,10.741395],[122.618714,10.736895]]]},"properties":{"confidence":"M","basis":"M-overall (see _provenance; CR-007 PR 7)"}},{"type":"Feature","geometry":{"type":"Polygon","coordinates":[[[122.618714,10.741395],[122.623214,10.741395],[122.623214,10.745895],[122.618714,10.745895],[122.618714,10.741395]]]},"properties":{"confidence":"M","basis":"M-overall (see _provenance; CR-007 PR 7)"}},{"type":"Feature","geometry":{"type":"Polygon","coordinates":[[[122.618714,10.745895],[122.623214,10.745895],[122.623214,10.750395],[122.618714,10.750395],[122.618714,10.745895]]]},"properties":{"confidence":"M","basis":"M-overall (see _provenance; CR-007 PR 7)"}},{"type":"Feature","geometry":{"type":"Polygon","coordinates":[[[122.618714,10.750395],[122.623214,10.750395],[122.623214,10.754895],[122.618714,10.754895],[122.618714,10.750395]]]},"properties":{"confidence":"M","basis":"M-overall (see _provenance; CR-007 PR 7)"}},{"type":"Feature","geometry":{"type":"Polygon","coordinates":[[[122.618714,10.754895],[122.623214,10.754895],[122.623214,10.759395],[122.618714,10.759395],[122.618714,10.754895]]]},"properties":{"confidence":"M","basis":"M-overall (see _provenance; CR-007 PR 7)"}},{"type":"Feature","geometry":{"type":"Polygon","coordinates":[[[122.618714,10.759395],[122.623214,10.759395],[122.623214,10.763895],[122.618714,10.763895],[122.618714,10.759395]]]},"properties":{"confidence":"M","basis":"M-overall (see _provenance; CR-007 PR 7)"}},{"type":"Feature","geometry":{"type":"Polygon","coordinates":[[[122.618714,10.763895],[122.623214,10.763895],[122.623214,10.768395],[122.618714,10.768395],[122.618714,10.763895]]]},"properties":{"confidence":"M","basis":"M-overall (see _provenance; CR-007 PR 7)"}},{"type":"Feature","geometry":{"type":"Polygon","coordinates":[[[122.618714,10.768395],[122.623214,10.768395],[122.623214,10.772895],[122.618714,10.772895],[122.618714,10.768395]]]},"properties":{"confidence":"M","basis":"M-overall (see _provenance; CR-007 PR 7)"}},{"type":"Feature","geometry":{"type":"Polygon","coordinates":[[[122.618714,10.772895],[122.623214,10.772895],[122.623214,10.777395],[122.618714,10.777395],[122.618714,10.772895]]]},"properties":{"confidence":"M","basis":"M-overall (see _provenance; CR-007 PR 7)"}},{"type":"Feature","geometry":{"type":"Polygon","coordinates":[[[122.618714,10.777395],[122.623214,10.777395],[122.623214,10.781895],[122.618714,10.781895],[122.618714,10.777395]]]},"properties":{"confidence":"M","basis":"M-overall (see _provenance; CR-007 PR 7)"}},{"type":"Feature","geometry":{"type":"Polygon","coordinates":[[[122.618714,10.781895],[122.623214,10.781895],[122.623214,10.786395],[122.618714,10.786395],[122.618714,10.781895]]]},"properties":{"confidence":"M","basis":"M-overall (see _provenance; CR-007 PR 7)"}},{"type":"Feature","geometry":{"type":"Polygon","coordinates":[[[122.618714,10.786395],[122.623214,10.786395],[122.623214,10.790895],[122.618714,10.790895],[122.618714,10.786395]]]},"properties":{"confidence":"M","basis":"M-overall (see _provenance; CR-007 PR 7)"}},{"type":"Feature","geometry":{"type":"Polygon","coordinates":[[[122.618714,10.790895],[122.623214,10.790895],[122.623214,10.795395],[122.618714,10.795395],[122.618714,10.790895]]]},"properties":{"confidence":"M","basis":"M-overall (see _provenance; CR-007 PR 7)"}},{"type":"Feature","geometry":{"type":"Polygon","coordinates":[[[122.618714,10.795395],[122.623214,10.795395],[122.623214,10.799895],[122.618714,10.799895],[122.618714,10.795395]]]},"properties":{"confidence":"M","basis":"M-overall (see _provenance; CR-007 PR 7)"}},{"type":"Feature","geometry":{"type":"Polygon","coordinates":[[[122.618714,10.799895],[122.623214,10.799895],[122.623214,10.804395],[122.618714,10.804395],[122.618714,10.799895]]]},"properties":{"confidence":"M","basis":"M-overall (see _provenance; CR-007 PR 7)"}},{"type":"Feature","geometry":{"type":"Polygon","coordinates":[[[122.618714,10.804395],[122.623214,10.804395],[122.623214,10.808895],[122.618714,10.808895],[122.618714,10.804395]]]},"properties":{"confidence":"M","basis":"M-overall (see _provenance; CR-007 PR 7)"}},{"type":"Feature","geometry":{"type":"Polygon","coordinates":[[[122.618714,10.808895],[122.623214,10.808895],[122.623214,10.812253495426909],[122.618714,10.812253495426909],[122.618714,10.808895]]]},"properties":{"confidence":"M","basis":"M-overall (see _provenance; CR-007 PR 7)"}},{"type":"Feature","geometry":{"type":"Polygon","coordinates":[[[122.623214,10.637895],[122.627714,10.637895],[122.627714,10.642395],[122.623214,10.642395],[122.623214,10.637895]]]},"properties":{"confidence":"M","basis":"M-overall (see _provenance; CR-007 PR 7)"}},{"type":"Feature","geometry":{"type":"Polygon","coordinates":[[[122.623214,10.642395],[122.627714,10.642395],[122.627714,10.646895],[122.623214,10.646895],[122.623214,10.642395]]]},"properties":{"confidence":"M","basis":"M-overall (see _provenance; CR-007 PR 7)"}},{"type":"Feature","geometry":{"type":"Polygon","coordinates":[[[122.623214,10.646895],[122.627714,10.646895],[122.627714,10.651395],[122.623214,10.651395],[122.623214,10.646895]]]},"properties":{"confidence":"M","basis":"M-overall (see _provenance; CR-007 PR 7)"}},{"type":"Feature","geometry":{"type":"Polygon","coordinates":[[[122.623214,10.651395],[122.627714,10.651395],[122.627714,10.655895],[122.623214,10.655895],[122.623214,10.651395]]]},"properties":{"confidence":"M","basis":"M-overall (see _provenance; CR-007 PR 7)"}},{"type":"Feature","geometry":{"type":"Polygon","coordinates":[[[122.623214,10.655895],[122.627714,10.655895],[122.627714,10.660395],[122.623214,10.660395],[122.623214,10.655895]]]},"properties":{"confidence":"M","basis":"M-overall (see _provenance; CR-007 PR 7)"}},{"type":"Feature","geometry":{"type":"Polygon","coordinates":[[[122.623214,10.660395],[122.627714,10.660395],[122.627714,10.664895],[122.623214,10.664895],[122.623214,10.660395]]]},"properties":{"confidence":"M","basis":"M-overall (see _provenance; CR-007 PR 7)"}},{"type":"Feature","geometry":{"type":"Polygon","coordinates":[[[122.623214,10.664895],[122.627714,10.664895],[122.627714,10.669395],[122.623214,10.669395],[122.623214,10.664895]]]},"properties":{"confidence":"M","basis":"M-overall (see _provenance; CR-007 PR 7)"}},{"type":"Feature","geometry":{"type":"Polygon","coordinates":[[[122.623214,10.669395],[122.627714,10.669395],[122.627714,10.673895],[122.623214,10.673895],[122.623214,10.669395]]]},"properties":{"confidence":"M","basis":"M-overall (see _provenance; CR-007 PR 7)"}},{"type":"Feature","geometry":{"type":"Polygon","coordinates":[[[122.623214,10.673895],[122.627714,10.673895],[122.627714,10.678395],[122.623214,10.678395],[122.623214,10.673895]]]},"properties":{"confidence":"M","basis":"M-overall (see _provenance; CR-007 PR 7)"}},{"type":"Feature","geometry":{"type":"Polygon","coordinates":[[[122.623214,10.678395],[122.627714,10.678395],[122.627714,10.682895],[122.623214,10.682895],[122.623214,10.678395]]]},"properties":{"confidence":"M","basis":"M-overall (see _provenance; CR-007 PR 7)"}},{"type":"Feature","geometry":{"type":"Polygon","coordinates":[[[122.623214,10.682895],[122.627714,10.682895],[122.627714,10.687395],[122.623214,10.687395],[122.623214,10.682895]]]},"properties":{"confidence":"M","basis":"M-overall (see _provenance; CR-007 PR 7)"}},{"type":"Feature","geometry":{"type":"Polygon","coordinates":[[[122.623214,10.687395],[122.627714,10.687395],[122.627714,10.691895],[122.623214,10.691895],[122.623214,10.687395]]]},"properties":{"confidence":"M","basis":"M-overall (see _provenance; CR-007 PR 7)"}},{"type":"Feature","geometry":{"type":"Polygon","coordinates":[[[122.623214,10.691895],[122.627714,10.691895],[122.627714,10.696395],[122.623214,10.696395],[122.623214,10.691895]]]},"properties":{"confidence":"M","basis":"M-overall (see _provenance; CR-007 PR 7)"}},{"type":"Feature","geometry":{"type":"Polygon","coordinates":[[[122.623214,10.696395],[122.627714,10.696395],[122.627714,10.700895],[122.623214,10.700895],[122.623214,10.696395]]]},"properties":{"confidence":"M","basis":"M-overall (see _provenance; CR-007 PR 7)"}},{"type":"Feature","geometry":{"type":"Polygon","coordinates":[[[122.623214,10.700895],[122.627714,10.700895],[122.627714,10.705395],[122.623214,10.705395],[122.623214,10.700895]]]},"properties":{"confidence":"M","basis":"M-overall (see _provenance; CR-007 PR 7)"}},{"type":"Feature","geometry":{"type":"Polygon","coordinates":[[[122.623214,10.705395],[122.627714,10.705395],[122.627714,10.709895],[122.623214,10.709895],[122.623214,10.705395]]]},"properties":{"confidence":"M","basis":"M-overall (see _provenance; CR-007 PR 7)"}},{"type":"Feature","geometry":{"type":"Polygon","coordinates":[[[122.623214,10.709895],[122.627714,10.709895],[122.627714,10.714395],[122.623214,10.714395],[122.623214,10.709895]]]},"properties":{"confidence":"M","basis":"M-overall (see _provenance; CR-007 PR 7)"}},{"type":"Feature","geometry":{"type":"Polygon","coordinates":[[[122.623214,10.714395],[122.627714,10.714395],[122.627714,10.718895],[122.623214,10.718895],[122.623214,10.714395]]]},"properties":{"confidence":"M","basis":"M-overall (see _provenance; CR-007 PR 7)"}},{"type":"Feature","geometry":{"type":"Polygon","coordinates":[[[122.623214,10.718895],[122.627714,10.718895],[122.627714,10.723395],[122.623214,10.723395],[122.623214,10.718895]]]},"properties":{"confidence":"M","basis":"M-overall (see _provenance; CR-007 PR 7)"}},{"type":"Feature","geometry":{"type":"Polygon","coordinates":[[[122.623214,10.723395],[122.627714,10.723395],[122.627714,10.727895],[122.623214,10.727895],[122.623214,10.723395]]]},"properties":{"confidence":"M","basis":"M-overall (see _provenance; CR-007 PR 7)"}},{"type":"Feature","geometry":{"type":"Polygon","coordinates":[[[122.623214,10.727895],[122.627714,10.727895],[122.627714,10.732395],[122.623214,10.732395],[122.623214,10.727895]]]},"properties":{"confidence":"M","basis":"M-overall (see _provenance; CR-007 PR 7)"}},{"type":"Feature","geometry":{"type":"Polygon","coordinates":[[[122.623214,10.732395],[122.627714,10.732395],[122.627714,10.736895],[122.623214,10.736895],[122.623214,10.732395]]]},"properties":{"confidence":"M","basis":"M-overall (see _provenance; CR-007 PR 7)"}},{"type":"Feature","geometry":{"type":"Polygon","coordinates":[[[122.623214,10.736895],[122.627714,10.736895],[122.627714,10.741395],[122.623214,10.741395],[122.623214,10.736895]]]},"properties":{"confidence":"M","basis":"M-overall (see _provenance; CR-007 PR 7)"}},{"type":"Feature","geometry":{"type":"Polygon","coordinates":[[[122.623214,10.741395],[122.627714,10.741395],[122.627714,10.745895],[122.623214,10.745895],[122.623214,10.741395]]]},"properties":{"confidence":"M","basis":"M-overall (see _provenance; CR-007 PR 7)"}},{"type":"Feature","geometry":{"type":"Polygon","coordinates":[[[122.623214,10.745895],[122.627714,10.745895],[122.627714,10.750395],[122.623214,10.750395],[122.623214,10.745895]]]},"properties":{"confidence":"M","basis":"M-overall (see _provenance; CR-007 PR 7)"}},{"type":"Feature","geometry":{"type":"Polygon","coordinates":[[[122.623214,10.750395],[122.627714,10.750395],[122.627714,10.754895],[122.623214,10.754895],[122.623214,10.750395]]]},"properties":{"confidence":"M","basis":"M-overall (see _provenance; CR-007 PR 7)"}},{"type":"Feature","geometry":{"type":"Polygon","coordinates":[[[122.623214,10.754895],[122.627714,10.754895],[122.627714,10.759395],[122.623214,10.759395],[122.623214,10.754895]]]},"properties":{"confidence":"M","basis":"M-overall (see _provenance; CR-007 PR 7)"}},{"type":"Feature","geometry":{"type":"Polygon","coordinates":[[[122.623214,10.759395],[122.627714,10.759395],[122.627714,10.763895],[122.623214,10.763895],[122.623214,10.759395]]]},"properties":{"confidence":"M","basis":"M-overall (see _provenance; CR-007 PR 7)"}},{"type":"Feature","geometry":{"type":"Polygon","coordinates":[[[122.623214,10.763895],[122.627714,10.763895],[122.627714,10.768395],[122.623214,10.768395],[122.623214,10.763895]]]},"properties":{"confidence":"M","basis":"M-overall (see _provenance; CR-007 PR 7)"}},{"type":"Feature","geometry":{"type":"Polygon","coordinates":[[[122.623214,10.768395],[122.627714,10.768395],[122.627714,10.772895],[122.623214,10.772895],[122.623214,10.768395]]]},"properties":{"confidence":"M","basis":"M-overall (see _provenance; CR-007 PR 7)"}},{"type":"Feature","geometry":{"type":"Polygon","coordinates":[[[122.623214,10.772895],[122.627714,10.772895],[122.627714,10.777395],[122.623214,10.777395],[122.623214,10.772895]]]},"properties":{"confidence":"M","basis":"M-overall (see _provenance; CR-007 PR 7)"}},{"type":"Feature","geometry":{"type":"Polygon","coordinates":[[[122.623214,10.777395],[122.627714,10.777395],[122.627714,10.781895],[122.623214,10.781895],[122.623214,10.777395]]]},"properties":{"confidence":"M","basis":"M-overall (see _provenance; CR-007 PR 7)"}},{"type":"Feature","geometry":{"type":"Polygon","coordinates":[[[122.623214,10.781895],[122.627714,10.781895],[122.627714,10.786395],[122.623214,10.786395],[122.623214,10.781895]]]},"properties":{"confidence":"M","basis":"M-overall (see _provenance; CR-007 PR 7)"}},{"type":"Feature","geometry":{"type":"Polygon","coordinates":[[[122.623214,10.786395],[122.627714,10.786395],[122.627714,10.790895],[122.623214,10.790895],[122.623214,10.786395]]]},"properties":{"confidence":"M","basis":"M-overall (see _provenance; CR-007 PR 7)"}},{"type":"Feature","geometry":{"type":"Polygon","coordinates":[[[122.623214,10.790895],[122.627714,10.790895],[122.627714,10.795395],[122.623214,10.795395],[122.623214,10.790895]]]},"properties":{"confidence":"M","basis":"M-overall (see _provenance; CR-007 PR 7)"}},{"type":"Feature","geometry":{"type":"Polygon","coordinates":[[[122.623214,10.795395],[122.627714,10.795395],[122.627714,10.799895],[122.623214,10.799895],[122.623214,10.795395]]]},"properties":{"confidence":"M","basis":"M-overall (see _provenance; CR-007 PR 7)"}},{"type":"Feature","geometry":{"type":"Polygon","coordinates":[[[122.623214,10.799895],[122.627714,10.799895],[122.627714,10.804395],[122.623214,10.804395],[122.623214,10.799895]]]},"properties":{"confidence":"M","basis":"M-overall (see _provenance; CR-007 PR 7)"}},{"type":"Feature","geometry":{"type":"Polygon","coordinates":[[[122.623214,10.804395],[122.627714,10.804395],[122.627714,10.808895],[122.623214,10.808895],[122.623214,10.804395]]]},"properties":{"confidence":"M","basis":"M-overall (see _provenance; CR-007 PR 7)"}},{"type":"Feature","geometry":{"type":"Polygon","coordinates":[[[122.623214,10.808895],[122.627714,10.808895],[122.627714,10.812253495426909],[122.623214,10.812253495426909],[122.623214,10.808895]]]},"properties":{"confidence":"M","basis":"M-overall (see _provenance; CR-007 PR 7)"}},{"type":"Feature","geometry":{"type":"Polygon","coordinates":[[[122.627714,10.637895],[122.62879694179978,10.637895],[122.62879694179978,10.642395],[122.627714,10.642395],[122.627714,10.637895]]]},"properties":{"confidence":"M","basis":"M-overall (see _provenance; CR-007 PR 7)"}},{"type":"Feature","geometry":{"type":"Polygon","coordinates":[[[122.627714,10.642395],[122.62879694179978,10.642395],[122.62879694179978,10.646895],[122.627714,10.646895],[122.627714,10.642395]]]},"properties":{"confidence":"M","basis":"M-overall (see _provenance; CR-007 PR 7)"}},{"type":"Feature","geometry":{"type":"Polygon","coordinates":[[[122.627714,10.646895],[122.62879694179978,10.646895],[122.62879694179978,10.651395],[122.627714,10.651395],[122.627714,10.646895]]]},"properties":{"confidence":"M","basis":"M-overall (see _provenance; CR-007 PR 7)"}},{"type":"Feature","geometry":{"type":"Polygon","coordinates":[[[122.627714,10.651395],[122.62879694179978,10.651395],[122.62879694179978,10.655895],[122.627714,10.655895],[122.627714,10.651395]]]},"properties":{"confidence":"M","basis":"M-overall (see _provenance; CR-007 PR 7)"}},{"type":"Feature","geometry":{"type":"Polygon","coordinates":[[[122.627714,10.655895],[122.62879694179978,10.655895],[122.62879694179978,10.660395],[122.627714,10.660395],[122.627714,10.655895]]]},"properties":{"confidence":"M","basis":"M-overall (see _provenance; CR-007 PR 7)"}},{"type":"Feature","geometry":{"type":"Polygon","coordinates":[[[122.627714,10.660395],[122.62879694179978,10.660395],[122.62879694179978,10.664895],[122.627714,10.664895],[122.627714,10.660395]]]},"properties":{"confidence":"M","basis":"M-overall (see _provenance; CR-007 PR 7)"}},{"type":"Feature","geometry":{"type":"Polygon","coordinates":[[[122.627714,10.664895],[122.62879694179978,10.664895],[122.62879694179978,10.669395],[122.627714,10.669395],[122.627714,10.664895]]]},"properties":{"confidence":"M","basis":"M-overall (see _provenance; CR-007 PR 7)"}},{"type":"Feature","geometry":{"type":"Polygon","coordinates":[[[122.627714,10.669395],[122.62879694179978,10.669395],[122.62879694179978,10.673895],[122.627714,10.673895],[122.627714,10.669395]]]},"properties":{"confidence":"M","basis":"M-overall (see _provenance; CR-007 PR 7)"}},{"type":"Feature","geometry":{"type":"Polygon","coordinates":[[[122.627714,10.673895],[122.62879694179978,10.673895],[122.62879694179978,10.678395],[122.627714,10.678395],[122.627714,10.673895]]]},"properties":{"confidence":"M","basis":"M-overall (see _provenance; CR-007 PR 7)"}},{"type":"Feature","geometry":{"type":"Polygon","coordinates":[[[122.627714,10.678395],[122.62879694179978,10.678395],[122.62879694179978,10.682895],[122.627714,10.682895],[122.627714,10.678395]]]},"properties":{"confidence":"M","basis":"M-overall (see _provenance; CR-007 PR 7)"}},{"type":"Feature","geometry":{"type":"Polygon","coordinates":[[[122.627714,10.682895],[122.62879694179978,10.682895],[122.62879694179978,10.687395],[122.627714,10.687395],[122.627714,10.682895]]]},"properties":{"confidence":"M","basis":"M-overall (see _provenance; CR-007 PR 7)"}},{"type":"Feature","geometry":{"type":"Polygon","coordinates":[[[122.627714,10.687395],[122.62879694179978,10.687395],[122.62879694179978,10.691895],[122.627714,10.691895],[122.627714,10.687395]]]},"properties":{"confidence":"M","basis":"M-overall (see _provenance; CR-007 PR 7)"}},{"type":"Feature","geometry":{"type":"Polygon","coordinates":[[[122.627714,10.691895],[122.62879694179978,10.691895],[122.62879694179978,10.696395],[122.627714,10.696395],[122.627714,10.691895]]]},"properties":{"confidence":"M","basis":"M-overall (see _provenance; CR-007 PR 7)"}},{"type":"Feature","geometry":{"type":"Polygon","coordinates":[[[122.627714,10.696395],[122.62879694179978,10.696395],[122.62879694179978,10.700895],[122.627714,10.700895],[122.627714,10.696395]]]},"properties":{"confidence":"M","basis":"M-overall (see _provenance; CR-007 PR 7)"}},{"type":"Feature","geometry":{"type":"Polygon","coordinates":[[[122.627714,10.700895],[122.62879694179978,10.700895],[122.62879694179978,10.705395],[122.627714,10.705395],[122.627714,10.700895]]]},"properties":{"confidence":"M","basis":"M-overall (see _provenance; CR-007 PR 7)"}},{"type":"Feature","geometry":{"type":"Polygon","coordinates":[[[122.627714,10.705395],[122.62879694179978,10.705395],[122.62879694179978,10.709895],[122.627714,10.709895],[122.627714,10.705395]]]},"properties":{"confidence":"M","basis":"M-overall (see _provenance; CR-007 PR 7)"}},{"type":"Feature","geometry":{"type":"Polygon","coordinates":[[[122.627714,10.709895],[122.62879694179978,10.709895],[122.62879694179978,10.714395],[122.627714,10.714395],[122.627714,10.709895]]]},"properties":{"confidence":"M","basis":"M-overall (see _provenance; CR-007 PR 7)"}},{"type":"Feature","geometry":{"type":"Polygon","coordinates":[[[122.627714,10.714395],[122.62879694179978,10.714395],[122.62879694179978,10.718895],[122.627714,10.718895],[122.627714,10.714395]]]},"properties":{"confidence":"M","basis":"M-overall (see _provenance; CR-007 PR 7)"}},{"type":"Feature","geometry":{"type":"Polygon","coordinates":[[[122.627714,10.718895],[122.62879694179978,10.718895],[122.62879694179978,10.723395],[122.627714,10.723395],[122.627714,10.718895]]]},"properties":{"confidence":"M","basis":"M-overall (see _provenance; CR-007 PR 7)"}},{"type":"Feature","geometry":{"type":"Polygon","coordinates":[[[122.627714,10.723395],[122.62879694179978,10.723395],[122.62879694179978,10.727895],[122.627714,10.727895],[122.627714,10.723395]]]},"properties":{"confidence":"M","basis":"M-overall (see _provenance; CR-007 PR 7)"}},{"type":"Feature","geometry":{"type":"Polygon","coordinates":[[[122.627714,10.727895],[122.62879694179978,10.727895],[122.62879694179978,10.732395],[122.627714,10.732395],[122.627714,10.727895]]]},"properties":{"confidence":"M","basis":"M-overall (see _provenance; CR-007 PR 7)"}},{"type":"Feature","geometry":{"type":"Polygon","coordinates":[[[122.627714,10.732395],[122.62879694179978,10.732395],[122.62879694179978,10.736895],[122.627714,10.736895],[122.627714,10.732395]]]},"properties":{"confidence":"M","basis":"M-overall (see _provenance; CR-007 PR 7)"}},{"type":"Feature","geometry":{"type":"Polygon","coordinates":[[[122.627714,10.736895],[122.62879694179978,10.736895],[122.62879694179978,10.741395],[122.627714,10.741395],[122.627714,10.736895]]]},"properties":{"confidence":"M","basis":"M-overall (see _provenance; CR-007 PR 7)"}},{"type":"Feature","geometry":{"type":"Polygon","coordinates":[[[122.627714,10.741395],[122.62879694179978,10.741395],[122.62879694179978,10.745895],[122.627714,10.745895],[122.627714,10.741395]]]},"properties":{"confidence":"M","basis":"M-overall (see _provenance; CR-007 PR 7)"}},{"type":"Feature","geometry":{"type":"Polygon","coordinates":[[[122.627714,10.745895],[122.62879694179978,10.745895],[122.62879694179978,10.750395],[122.627714,10.750395],[122.627714,10.745895]]]},"properties":{"confidence":"M","basis":"M-overall (see _provenance; CR-007 PR 7)"}},{"type":"Feature","geometry":{"type":"Polygon","coordinates":[[[122.627714,10.750395],[122.62879694179978,10.750395],[122.62879694179978,10.754895],[122.627714,10.754895],[122.627714,10.750395]]]},"properties":{"confidence":"M","basis":"M-overall (see _provenance; CR-007 PR 7)"}},{"type":"Feature","geometry":{"type":"Polygon","coordinates":[[[122.627714,10.754895],[122.62879694179978,10.754895],[122.62879694179978,10.759395],[122.627714,10.759395],[122.627714,10.754895]]]},"properties":{"confidence":"M","basis":"M-overall (see _provenance; CR-007 PR 7)"}},{"type":"Feature","geometry":{"type":"Polygon","coordinates":[[[122.627714,10.759395],[122.62879694179978,10.759395],[122.62879694179978,10.763895],[122.627714,10.763895],[122.627714,10.759395]]]},"properties":{"confidence":"M","basis":"M-overall (see _provenance; CR-007 PR 7)"}},{"type":"Feature","geometry":{"type":"Polygon","coordinates":[[[122.627714,10.763895],[122.62879694179978,10.763895],[122.62879694179978,10.768395],[122.627714,10.768395],[122.627714,10.763895]]]},"properties":{"confidence":"M","basis":"M-overall (see _provenance; CR-007 PR 7)"}},{"type":"Feature","geometry":{"type":"Polygon","coordinates":[[[122.627714,10.768395],[122.62879694179978,10.768395],[122.62879694179978,10.772895],[122.627714,10.772895],[122.627714,10.768395]]]},"properties":{"confidence":"M","basis":"M-overall (see _provenance; CR-007 PR 7)"}},{"type":"Feature","geometry":{"type":"Polygon","coordinates":[[[122.627714,10.772895],[122.62879694179978,10.772895],[122.62879694179978,10.777395],[122.627714,10.777395],[122.627714,10.772895]]]},"properties":{"confidence":"M","basis":"M-overall (see _provenance; CR-007 PR 7)"}},{"type":"Feature","geometry":{"type":"Polygon","coordinates":[[[122.627714,10.777395],[122.62879694179978,10.777395],[122.62879694179978,10.781895],[122.627714,10.781895],[122.627714,10.777395]]]},"properties":{"confidence":"M","basis":"M-overall (see _provenance; CR-007 PR 7)"}},{"type":"Feature","geometry":{"type":"Polygon","coordinates":[[[122.627714,10.781895],[122.62879694179978,10.781895],[122.62879694179978,10.786395],[122.627714,10.786395],[122.627714,10.781895]]]},"properties":{"confidence":"M","basis":"M-overall (see _provenance; CR-007 PR 7)"}},{"type":"Feature","geometry":{"type":"Polygon","coordinates":[[[122.627714,10.786395],[122.62879694179978,10.786395],[122.62879694179978,10.790895],[122.627714,10.790895],[122.627714,10.786395]]]},"properties":{"confidence":"M","basis":"M-overall (see _provenance; CR-007 PR 7)"}},{"type":"Feature","geometry":{"type":"Polygon","coordinates":[[[122.627714,10.790895],[122.62879694179978,10.790895],[122.62879694179978,10.795395],[122.627714,10.795395],[122.627714,10.790895]]]},"properties":{"confidence":"M","basis":"M-overall (see _provenance; CR-007 PR 7)"}},{"type":"Feature","geometry":{"type":"Polygon","coordinates":[[[122.627714,10.795395],[122.62879694179978,10.795395],[122.62879694179978,10.799895],[122.627714,10.799895],[122.627714,10.795395]]]},"properties":{"confidence":"M","basis":"M-overall (see _provenance; CR-007 PR 7)"}},{"type":"Feature","geometry":{"type":"Polygon","coordinates":[[[122.627714,10.799895],[122.62879694179978,10.799895],[122.62879694179978,10.804395],[122.627714,10.804395],[122.627714,10.799895]]]},"properties":{"confidence":"M","basis":"M-overall (see _provenance; CR-007 PR 7)"}},{"type":"Feature","geometry":{"type":"Polygon","coordinates":[[[122.627714,10.804395],[122.62879694179978,10.804395],[122.62879694179978,10.808895],[122.627714,10.808895],[122.627714,10.804395]]]},"properties":{"confidence":"M","basis":"M-overall (see _provenance; CR-007 PR 7)"}},{"type":"Feature","geometry":{"type":"Polygon","coordinates":[[[122.627714,10.808895],[122.62879694179978,10.808895],[122.62879694179978,10.812253495426909],[122.627714,10.812253495426909],[122.627714,10.808895]]]},"properties":{"confidence":"M","basis":"M-overall (see _provenance; CR-007 PR 7)"}}]}